,ticker,date,open,high,low,price,volume,oi
0,OQQ07,2007-06-01,64.7,65.05,63.7,64.84,2334,506
1,OQQ07,2007-06-04,64.63,65.92,64.48,65.65,2695,1208
2,OQQ07,2007-06-05,65.85,65.94,64.95,65.28,3134,1702
3,OQQ07,2007-06-06,65.79,66.31,65.09,66.17,2871,1403
4,OQQ07,2007-06-07,65.85,67.27,65.85,66.81,1632,1448
5,OQQ07,2007-06-08,66.22,66.4,64.45,64.58,1917,1381
6,OQQ07,2007-06-11,64.5,65.68,64.3,65.68,1203,1470
7,OQQ07,2007-06-12,65.4,65.59,64.72,65.05,815,1507
8,OQQ07,2007-06-13,65.09,66.12,64.52,65.72,1405,1580
9,OQQ07,2007-06-14,66.05,67.3,65.93,67.16,1379,1936
10,OQQ07,2007-06-15,66.96,67.25,66.31,66.99,1218,2159
11,OQQ07,2007-06-18,67.26,67.82,66.58,67.82,1444,2594
12,OQQ07,2007-06-19,67.75,67.81,67.24,67.42,1557,2781
13,OQQ07,2007-06-20,67.23,67.57,65.7,66.23,1575,3029
14,OQQ07,2007-06-21,66.57,67.61,66.11,66.29,1367,3279
15,OQQ07,2007-06-22,66.35,67.36,65.93,66.9,860,3373
16,OQQ07,2007-06-25,66.5,67.46,65.94,67.35,872,3538
17,OQQ07,2007-06-26,67.05,67.26,66.3,66.54,854,3640
18,OQQ07,2007-06-27,66.1,68.86,65.71,66.87,1075,3895
19,OQQ07,2007-06-28,66.9,67.29,65.55,65.87,423,4000
20,OQU07,2007-06-29,66.5,67.99,66.5,67.92,34,1772
21,OQU07,2007-07-02,67.69,69.08,67.37,69.08,412,1770
22,OQU07,2007-07-03,68.31,69.08,68.31,69.08,232,1792
23,OQU07,2007-07-05,68.5,69.96,68.44,69.7,410,1869
24,OQU07,2007-07-06,69.53,70.21,68.25,70.1,188,1857
25,OQU07,2007-07-09,69.46,70.46,69.2,70.08,733,1808
26,OQU07,2007-07-10,69.74,71.24,69.74,71.18,1009,1749
27,OQU07,2007-07-11,70.9,71.0,70.35,70.55,458,1736
28,OQU07,2007-07-12,70.3,71.41,69.95,70.64,710,1833
29,OQU07,2007-07-13,70.65,71.19,70.09,71.1,255,1894
30,OQU07,2007-07-16,71.21,71.29,69.92,70.35,490,1844
31,OQU07,2007-07-17,69.87,70.71,69.23,69.54,483,1979
32,OQU07,2007-07-18,69.79,70.99,69.48,70.89,285,2006
33,OQU07,2007-07-19,70.95,72.31,70.95,72.3,343,2063
34,OQU07,2007-07-20,72.19,73.0,72.18,72.55,128,2117
35,OQU07,2007-07-23,72.05,72.35,71.67,72.1,144,2181
36,OQU07,2007-07-24,71.82,72.07,70.25,70.25,124,2254
37,OQU07,2007-07-25,70.06,72.1,70.06,72.1,217,2387
38,OQU07,2007-07-26,72.87,72.87,70.35,70.35,255,2486
39,OQU07,2007-07-27,71.8,71.8,70.55,71.64,105,2490
40,OQU07,2007-07-30,70.45,70.45,69.0,69.47,308,2681
41,OQV07,2007-07-31,69.86,71.47,69.86,71.4,22,1261
42,OQV07,2007-08-01,71.94,72.06,70.3,70.3,105,1252
43,OQV07,2007-08-02,70.7,70.7,69.85,70.7,205,1342
44,OQV07,2007-08-03,70.66,70.85,69.6,69.6,87,1380
45,OQV07,2007-08-06,70.51,70.51,67.1,67.1,119,1422
46,OQV07,2007-08-07,66.9,67.65,66.85,67.65,214,1454
47,OQV07,2007-08-08,67.8,68.3,67.8,68.0,224,1498
48,OQV07,2007-08-09,67.6,67.89,67.55,67.72,103,1468
49,OQV07,2007-08-10,67.2,67.2,67.0,67.1,91,1558
50,OQV07,2007-08-13,67.79,67.88,66.6,67.3,147,1663
51,OQV07,2007-08-14,67.3,67.4,67.15,67.15,89,1738
52,OQV07,2007-08-15,67.92,68.3,67.9,68.18,74,1748
53,OQV07,2007-08-16,68.15,68.3,66.3,66.3,108,1778
54,OQV07,2007-08-17,68.72,68.72,68.2,68.4,68,1826
55,OQV07,2007-08-20,68.6,68.6,67.85,67.85,134,1887
56,OQV07,2007-08-21,68.3,68.3,66.5,66.5,121,1973
57,OQV07,2007-08-22,67.35,67.45,67.01,67.01,94,1991
58,OQV07,2007-08-23,67.25,67.45,67.25,67.3,30,2008
59,OQV07,2007-08-24,67.8,67.8,67.4,67.8,139,2121
60,OQV07,2007-08-27,68.15,68.72,68.02,68.72,24,2142
61,OQV07,2007-08-28,68.47,68.5,67.46,67.99,155,2229
62,OQV07,2007-08-29,67.4,69.0,67.08,69.0,86,2298
63,OQV07,2007-08-30,68.43,69.5,68.02,68.34,100,2358
64,OQX07,2007-08-31,68.81,69.18,68.81,69.08,59,1072
65,OQX07,2007-09-04,69.57,70.84,69.5,70.7,3393,1287
66,OQX07,2007-09-05,70.7,71.3,70.54,71.25,936,1286
67,OQX07,2007-09-06,71.51,72.03,70.8,72.0,768,1352
68,OQX07,2007-09-07,71.82,72.16,71.37,72.05,635,1487
69,OQX07,2007-09-10,71.87,72.57,71.37,72.57,561,1738
70,OQX07,2007-09-11,73.04,73.11,72.4,72.88,413,1756
71,OQX07,2007-09-12,73.5,74.36,73.19,74.31,496,1932
72,OQX07,2007-09-13,74.55,74.55,73.71,74.18,694,2065
73,OQX07,2007-09-14,73.85,74.03,73.42,73.42,566,2236
74,OQX07,2007-09-17,73.12,74.1,72.91,74.1,445,2279
75,OQX07,2007-09-18,74.38,74.79,73.75,74.79,697,2470
76,OQX07,2007-09-19,75.42,75.44,74.42,75.42,398,2588
77,OQX07,2007-09-20,75.02,76.19,74.82,76.19,917,3033
78,OQX07,2007-09-21,76.2,76.4,75.82,76.4,222,3146
79,OQX07,2007-09-24,75.97,76.4,75.87,76.4,477,3528
80,OQX07,2007-09-25,75.96,75.96,75.0,75.0,232,3670
81,OQX07,2007-09-26,75.15,75.15,74.9,75.12,254,3791
82,OQX07,2007-09-27,75.1,76.8,74.13,76.8,191,3890
83,OQZ07,2007-09-28,76.13,76.71,75.05,75.05,507,572
84,OQZ07,2007-10-01,75.09,75.51,73.38,73.9,442,538
85,OQZ07,2007-10-02,73.72,73.9,72.86,73.81,746,513
86,OQZ07,2007-10-03,73.87,73.92,73.1,73.41,558,610
87,OQZ07,2007-10-04,73.22,75.31,73.08,75.15,623,707
88,OQZ07,2007-10-05,75.05,75.48,74.91,75.47,484,817
89,OQZ07,2007-10-08,75.13,75.13,73.32,73.32,603,978
90,OQZ07,2007-10-09,73.04,74.55,72.6,74.25,529,1136
91,OQZ07,2007-10-10,74.3,75.33,73.9,75.33,842,1272
92,OQZ07,2007-10-11,75.66,77.04,75.32,76.4,471,1378
93,OQZ07,2007-10-12,76.4,76.93,75.95,76.88,494,1524
94,OQZ07,2007-10-15,76.83,78.6,76.55,78.59,964,2011
95,OQZ07,2007-10-16,78.85,79.5,78.31,79.49,1092,2517
96,OQZ07,2007-10-17,79.0,79.72,78.6,78.7,634,2555
97,OQZ07,2007-10-18,78.72,80.27,78.58,80.27,759,2760
98,OQZ07,2007-10-19,80.16,80.5,78.79,79.4,693,2933
99,OQZ07,2007-10-22,78.83,79.7,77.78,79.23,1068,3079
100,OQZ07,2007-10-23,79.16,79.69,78.12,78.45,732,3367
101,OQZ07,2007-10-24,78.29,79.75,78.11,79.75,557,3513
102,OQZ07,2007-10-25,80.5,82.68,80.4,82.68,342,3719
103,OQZ07,2007-10-26,82.9,83.1,82.8,83.1,402,4006
104,OQZ07,2007-10-29,83.8,84.25,82.97,84.25,255,4143
105,OQZ07,2007-10-30,84.25,84.25,81.8,81.8,272,4265
106,OQF08,2007-10-31,82.1,85.3,81.71,85.27,189,1882
107,OQF08,2007-11-01,86.25,86.26,84.5,84.5,460,2097
108,OQF08,2007-11-02,84.88,86.7,84.68,86.7,506,2102
109,OQF08,2007-11-05,86.17,86.84,85.25,85.25,727,2206
110,OQF08,2007-11-06,86.25,87.75,86.17,87.5,852,2443
111,OQF08,2007-11-07,88.82,89.23,86.38,87.75,1072,2673
112,OQF08,2007-11-08,87.77,88.86,87.1,87.2,505,2832
113,OQF08,2007-11-09,87.69,87.85,86.48,87.65,916,2945
114,OQF08,2007-11-12,86.55,87.2,85.4,85.9,1010,3220
115,OQF08,2007-11-13,86.08,86.08,83.32,83.75,841,3449
116,OQF08,2007-11-14,84.11,85.25,83.68,84.85,692,3535
117,OQF08,2007-11-15,84.97,85.4,84.2,85.15,836,3658
118,OQF08,2007-11-16,85.08,86.38,84.8,86.38,555,3841
119,OQF08,2007-11-19,87.21,87.4,85.87,86.95,666,3992
120,OQF08,2007-11-20,86.91,89.55,86.82,89.55,870,4251
121,OQF08,2007-11-21,89.97,90.46,89.03,89.1,683,4715
122,OQF08,2007-11-23,89.24,90.0,89.03,90.0,824,5241
123,OQF08,2007-11-26,90.1,90.41,89.35,89.35,352,5699
124,OQF08,2007-11-27,88.67,88.87,87.22,87.22,226,5891
125,OQF08,2007-11-28,86.55,86.98,84.88,84.88,210,5982
126,OQF08,2007-11-29,85.9,86.85,85.3,85.3,142,5951
127,OQG08,2007-11-30,85.56,85.58,83.25,83.25,140,1475
128,OQG08,2007-12-03,84.11,84.46,82.69,84.38,493,1593
129,OQG08,2007-12-04,84.8,85.62,84.37,85.0,632,1693
130,OQG08,2007-12-05,85.47,86.57,84.0,84.0,738,1898
131,OQG08,2007-12-06,83.68,85.34,82.7,85.34,1109,2014
132,OQG08,2007-12-07,85.65,86.0,83.5,84.5,532,2138
133,OQG08,2007-12-10,84.39,85.33,83.51,83.8,715,2509
134,OQG08,2007-12-11,84.1,85.45,84.09,85.45,755,2791
135,OQG08,2007-12-12,85.0,88.63,84.9,88.5,814,3186
136,OQG08,2007-12-13,88.18,88.93,87.47,87.5,653,3473
137,OQG08,2007-12-14,87.69,88.33,87.18,87.55,686,3873
138,OQG08,2007-12-17,87.21,88.2,87.09,87.95,800,4301
139,OQG08,2007-12-18,87.88,89.91,87.75,87.75,579,4716
140,OQG08,2007-12-19,88.44,90.6,88.0,90.0,827,4943
141,OQG08,2007-12-20,91.0,92.2,89.51,89.8,398,5226
142,OQG08,2007-12-21,89.5,90.5,84.52,90.5,548,5688
143,OQG08,2007-12-24,86.5,88.1,84.15,88.1,98,5703
144,OQG08,2007-12-26,87.0,89.6,85.5,89.6,222,5833
145,OQG08,2007-12-27,88.43,89.55,86.2,89.55,325,5890
146,OQG08,2007-12-28,86.1,88.75,86.1,88.75,258,6125
147,OQH08,2007-12-31,88.88,89.05,86.2,88.55,44,1068
148,OQH08,2008-01-02,88.56,92.9,88.56,92.9,348,1205
149,OQH08,2008-01-03,92.39,93.0,92.29,92.75,366,1376
150,OQH08,2008-01-04,93.15,94.2,92.25,92.59,514,1569
151,OQH08,2008-01-07,92.06,92.7,90.44,90.7,610,1727
152,OQH08,2008-01-08,91.3,91.89,90.6,91.0,727,2021
153,OQH08,2008-01-09,91.52,92.25,90.13,90.13,732,2340
154,OQH08,2008-01-10,89.76,90.2,88.45,88.5,556,2571
155,OQH08,2008-01-11,88.72,89.0,88.05,88.3,611,2925
156,OQH08,2008-01-14,88.4,90.1,88.0,90.1,877,3326
157,OQH08,2008-01-15,89.7,89.7,87.9,87.9,472,3779
158,OQH08,2008-01-16,87.29,87.33,86.25,87.25,442,4106
159,OQH08,2008-01-17,87.28,87.45,85.85,85.85,629,4567
160,OQH08,2008-01-18,86.15,86.8,85.95,86.3,356,4754
161,OQH08,2008-01-22,86.17,86.17,83.15,85.45,1072,5004
162,OQH08,2008-01-23,85.4,86.48,85.26,85.35,691,5654
163,OQH08,2008-01-24,85.88,87.45,85.65,87.45,709,6076
164,OQH08,2008-01-25,87.85,89.05,87.66,88.4,487,6470
165,OQH08,2008-01-28,88.0,89.85,88.0,89.85,473,6662
166,OQH08,2008-01-29,91.0,91.0,89.36,89.6,706,6872
167,OQH08,2008-01-30,89.15,90.0,88.88,89.3,865,7153
168,OQJ08,2008-01-31,87.83,88.75,87.1,88.75,124,466
169,OQJ08,2008-02-01,88.04,89.5,87.2,87.2,549,789
170,OQJ08,2008-02-04,87.11,87.8,86.6,87.77,595,1040
171,OQJ08,2008-02-05,87.5,87.69,85.8,86.05,707,1397
172,OQJ08,2008-02-06,85.3,85.85,84.22,84.5,588,1713
173,OQJ08,2008-02-07,84.43,85.5,84.43,85.3,452,2024
174,OQJ08,2008-02-08,85.92,88.2,85.62,88.2,717,2574
175,OQJ08,2008-02-11,88.57,90.42,87.98,89.85,725,2889
176,OQJ08,2008-02-12,89.64,90.13,88.73,89.55,1068,3370
177,OQJ08,2008-02-13,89.38,90.1,89.1,89.5,819,3708
178,OQJ08,2008-02-14,89.91,91.5,89.87,91.5,868,3998
179,OQJ08,2008-02-15,91.25,91.92,90.87,90.87,563,4347
180,OQJ08,2008-02-19,91.11,94.3,91.0,94.3,1330,4853
181,OQJ08,2008-02-20,93.79,94.1,92.79,94.03,563,5330
182,OQJ08,2008-02-21,94.41,94.44,91.45,91.45,1067,5576
183,OQJ08,2008-02-22,91.4,92.7,90.85,92.45,1176,6194
184,OQJ08,2008-02-25,92.5,92.8,92.35,92.38,637,6721
185,OQJ08,2008-02-26,92.3,93.45,92.03,93.45,1066,7488
186,OQJ08,2008-02-27,94.4,94.4,92.1,92.1,1058,7723
187,OQJ08,2008-02-28,92.2,95.12,92.19,95.12,666,8251
188,OQK08,2008-02-29,97.17,97.28,96.0,96.0,58,1416
189,OQK08,2008-03-03,96.13,97.64,95.5,96.31,695,1552
190,OQK08,2008-03-04,96.06,97.1,94.05,94.05,804,1882
191,OQK08,2008-03-05,93.94,97.1,93.94,97.1,904,2174
192,OQK08,2008-03-06,96.81,97.89,95.8,97.7,787,2478
193,OQK08,2008-03-07,97.76,98.0,96.5,97.22,698,2878
194,OQK08,2008-03-10,97.39,97.8,96.3,97.78,755,3226
195,OQK08,2008-03-11,97.75,98.9,97.4,98.85,752,3448
196,OQK08,2008-03-12,98.72,99.8,98.49,99.8,858,3855
197,OQK08,2008-03-13,99.52,101.4,99.52,101.08,812,4307
198,OQK08,2008-03-14,100.69,101.55,100.02,101.08,550,4675
199,OQK08,2008-03-17,102.1,102.38,96.6,96.9,873,5142
200,OQK08,2008-03-18,97.44,101.0,97.44,100.71,792,5529
201,OQK08,2008-03-19,100.14,100.75,97.1,97.88,1011,6074
202,OQK08,2008-03-20,97.2,97.7,95.45,97.45,872,6569
203,OQK08,2008-03-24,95.91,96.9,95.91,96.6,864,6806
204,OQK08,2008-03-25,96.7,97.1,96.5,97.1,443,7354
205,OQK08,2008-03-26,97.32,100.49,96.75,100.49,675,7968
206,OQK08,2008-03-27,98.95,99.45,98.35,99.25,830,8308
207,OQK08,2008-03-28,98.5,98.6,97.6,97.65,504,9004
208,OQM08,2008-03-31,98.45,99.14,95.57,95.8,53,605
209,OQM08,2008-04-01,95.83,96.6,94.9,95.35,866,928
210,OQM08,2008-04-02,95.7,98.9,95.06,98.9,648,1249
211,OQM08,2008-04-03,98.64,98.9,97.25,97.25,793,1517
212,OQM08,2008-04-04,97.6,99.75,97.51,99.75,696,1863
213,OQM08,2008-04-07,99.87,101.8,99.5,101.8,635,2310
214,OQM08,2008-04-08,101.59,102.2,100.95,101.2,722,2501
215,OQM08,2008-04-09,100.85,103.2,100.75,103.0,931,3006
216,OQM08,2008-04-10,103.44,104.1,102.1,103.0,1037,3697
217,OQM08,2008-04-11,102.84,103.73,102.26,103.1,1007,4150
218,OQM08,2008-04-14,102.53,103.7,102.5,103.65,985,4630
219,OQM08,2008-04-15,104.11,105.68,104.11,105.65,848,5017
220,OQM08,2008-04-16,105.58,106.71,105.57,106.66,743,5543
221,OQM08,2008-04-17,106.7,107.6,106.57,106.75,896,5952
222,OQM08,2008-04-18,107.09,107.8,106.01,107.51,1135,6252
223,OQM08,2008-04-21,107.8,108.82,107.8,108.55,1143,6751
224,OQM08,2008-04-22,108.77,109.63,108.23,109.63,972,7829
225,OQM08,2008-04-23,109.97,110.1,109.4,109.45,444,7792
226,OQM08,2008-04-24,110.55,110.55,108.64,108.64,683,8373
227,OQM08,2008-04-25,106.62,110.18,106.62,110.18,693,8852
228,OQM08,2008-04-28,110.25,110.25,109.77,109.77,487,9209
229,OQM08,2008-04-29,109.35,109.35,106.5,106.5,730,9675
230,OQN08,2008-04-30,108.48,108.58,106.47,106.47,72,1198
231,OQN08,2008-05-01,107.66,107.66,104.25,105.65,368,1412
232,OQN08,2008-05-02,105.47,109.54,105.43,109.54,438,1602
233,OQN08,2008-05-05,109.81,113.0,109.81,113.0,469,1777
234,OQN08,2008-05-06,112.96,115.65,112.84,115.1,542,2037
235,OQN08,2008-05-07,114.94,117.25,114.94,117.25,500,2321
236,OQN08,2008-05-08,117.14,118.05,116.5,118.05,626,2468
237,OQN08,2008-05-09,118.51,120.56,118.43,120.08,728,2682
238,OQN08,2008-05-12,119.75,120.4,118.72,118.72,522,3062
239,OQN08,2008-05-13,117.8,120.3,117.8,119.8,398,3307
240,OQN08,2008-05-14,119.88,120.07,118.4,118.4,644,3438
241,OQN08,2008-05-15,118.04,120.5,116.19,118.3,760,3761
242,OQN08,2008-05-16,118.76,120.81,118.46,120.2,642,4049
243,OQN08,2008-05-19,120.11,120.41,118.55,120.05,465,4351
244,OQN08,2008-05-20,120.0,121.93,119.8,121.89,922,4876
245,OQN08,2008-05-21,122.14,127.25,122.14,127.25,1838,5262
246,OQN08,2008-05-22,128.84,129.62,125.15,125.15,1925,5913
247,OQN08,2008-05-23,126.08,127.81,124.62,125.5,779,6244
248,OQN08,2008-05-27,126.13,127.16,122.72,122.72,1232,7008
249,OQN08,2008-05-28,122.57,125.01,120.65,125.01,525,7485
250,OQN08,2008-05-29,123.9,125.2,121.1,121.1,499,7846
251,OQQ08,2008-05-30,121.19,123.0,120.2,122.24,213,1059
252,OQQ08,2008-06-02,122.28,123.0,120.05,122.73,670,1320
253,OQQ08,2008-06-03,121.94,123.24,120.1,120.1,848,1643
254,OQQ08,2008-06-04,119.34,120.2,117.44,117.5,529,2034
255,OQQ08,2008-06-05,116.89,122.62,116.89,122.62,623,2377
256,OQQ08,2008-06-06,123.25,131.76,122.73,131.76,803,2788
257,OQQ08,2008-06-09,131.24,131.51,128.35,128.35,577,3160
258,OQQ08,2008-06-10,128.79,132.0,126.4,126.4,780,3462
259,OQQ08,2008-06-11,127.21,132.05,127.21,130.7,757,3788
260,OQQ08,2008-06-12,129.59,131.51,128.0,131.47,860,3944
261,OQQ08,2008-06-13,131.47,131.8,129.2,130.1,522,4315
262,OQQ08,2008-06-16,129.4,132.5,127.5,129.0,993,4353
263,OQQ08,2008-06-17,128.78,129.83,127.25,128.4,485,4597
264,OQQ08,2008-06-18,128.55,130.6,127.1,130.6,574,4828
265,OQQ08,2008-06-19,130.02,131.0,126.25,126.25,1097,5302
266,OQQ08,2008-06-20,126.7,130.52,126.7,128.83,476,5529
267,OQQ08,2008-06-23,130.13,131.44,127.97,130.05,555,5888
268,OQQ08,2008-06-24,129.98,131.72,129.98,130.6,790,6514
269,OQQ08,2008-06-25,131.0,131.3,126.65,128.88,450,6804
270,OQQ08,2008-06-26,128.9,134.15,128.75,134.15,508,7080
271,OQQ08,2008-06-27,134.7,135.36,134.1,134.1,443,7378
272,OQU08,2008-06-30,136.73,137.74,135.0,135.0,38,860
273,OQU08,2008-07-01,135.65,138.28,135.65,136.02,522,1170
274,OQU08,2008-07-02,137.69,139.7,136.45,139.7,412,1430
275,OQU08,2008-07-03,140.83,141.35,139.59,141.2,421,1635
276,OQU08,2008-07-07,141.67,141.67,136.22,137.05,741,2206
277,OQU08,2008-07-08,138.15,138.47,132.41,132.7,660,2452
278,OQU08,2008-07-09,133.4,134.81,132.5,132.65,491,2744
279,OQU08,2008-07-10,132.53,137.5,132.53,137.5,714,3252
280,OQU08,2008-07-11,137.35,142.0,137.35,140.35,1001,3445
281,OQU08,2008-07-14,139.2,141.0,139.0,140.45,559,3547
282,OQU08,2008-07-15,140.12,141.57,133.2,135.25,1337,3866
283,OQU08,2008-07-16,134.9,135.05,131.0,131.6,477,4181
284,OQU08,2008-07-17,131.6,133.19,126.5,126.5,674,4737
285,OQU08,2008-07-18,129.0,129.74,126.0,126.0,237,4929
286,OQU08,2008-07-21,128.7,129.0,128.04,128.7,430,5308
287,OQU08,2008-07-22,129.35,130.4,126.1,126.1,560,5587
288,OQU08,2008-07-23,125.05,125.8,124.5,124.5,413,5946
289,OQU08,2008-07-24,123.46,127.0,123.46,124.95,316,6196
290,OQU08,2008-07-25,126.1,130.25,126.1,127.3,403,6594
291,OQU08,2008-07-28,130.1,132.5,128.25,129.0,1108,6792
292,OQU08,2008-07-29,129.0,129.0,124.5,124.75,463,7160
293,OQU08,2008-07-30,122.0,126.0,122.0,126.0,576,7414
294,OQV08,2008-07-31,124.91,124.92,121.19,121.19,62,883
295,OQV08,2008-08-01,121.0,124.8,120.45,122.2,384,1151
296,OQV08,2008-08-04,122.9,122.9,118.5,118.5,347,1432
297,OQV08,2008-08-05,117.9,118.2,116.2,116.2,471,1779
298,OQV08,2008-08-06,116.75,117.3,115.6,115.6,315,2073
299,OQV08,2008-08-07,116.15,117.5,115.52,116.7,431,2340
300,OQV08,2008-08-08,115.96,115.96,113.5,113.5,472,2666
301,OQV08,2008-08-11,113.5,114.4,111.7,112.7,452,3023
302,OQV08,2008-08-12,111.73,112.0,109.4,111.0,488,3396
303,OQV08,2008-08-13,110.35,112.65,110.25,112.65,402,3737
304,OQV08,2008-08-14,112.5,112.7,110.5,111.6,515,4122
305,OQV08,2008-08-15,108.84,110.3,108.54,110.3,432,4495
306,OQV08,2008-08-18,110.8,110.8,109.4,109.4,538,4740
307,OQV08,2008-08-19,108.0,111.82,108.0,110.7,469,5168
308,OQV08,2008-08-20,111.47,112.73,110.68,111.65,451,5558
309,OQV08,2008-08-21,112.7,116.75,111.72,116.75,766,5808
310,OQV08,2008-08-22,116.7,116.7,110.5,110.5,1030,6289
311,OQV08,2008-08-25,111.11,111.25,109.5,111.25,604,6565
312,OQV08,2008-08-26,109.26,111.25,108.5,111.25,799,6971
313,OQV08,2008-08-27,110.72,112.25,109.85,112.25,763,7669
314,OQV08,2008-08-28,112.17,112.17,110.0,110.0,669,8107
315,OQX08,2008-08-29,112.82,112.82,111.3,111.3,271,799
316,OQX08,2008-09-02,112.01,112.01,100.93,106.35,1148,1061
317,OQX08,2008-09-03,102.89,104.1,102.75,104.1,600,1530
318,OQX08,2008-09-04,105.0,105.1,102.4,103.0,638,2077
319,OQX08,2008-09-05,101.52,101.52,100.49,101.25,557,2568
320,OQX08,2008-09-08,102.42,102.42,99.8,100.5,623,3090
321,OQX08,2008-09-09,99.1,99.12,97.0,97.1,614,3438
322,OQX08,2008-09-10,97.8,98.5,95.67,96.1,619,3911
323,OQX08,2008-09-11,95.8,95.8,94.5,94.5,575,4340
324,OQX08,2008-09-12,95.6,96.2,94.1,94.8,505,4772
325,OQX08,2008-09-15,92.5,92.5,89.3,89.3,513,5183
326,OQX08,2008-09-16,85.5,86.4,84.9,84.9,359,5512
327,OQX08,2008-09-17,88.4,90.0,85.95,90.0,517,6026
328,OQX08,2008-09-18,88.4,90.1,87.65,90.1,380,6377
329,OQX08,2008-09-19,90.15,93.1,89.06,93.1,460,6803
330,OQX08,2008-09-22,94.86,99.0,94.15,99.0,522,7184
331,OQX08,2008-09-23,95.93,96.76,95.45,95.6,527,7691
332,OQX08,2008-09-24,96.3,96.59,95.0,95.0,779,8457
333,OQX08,2008-09-25,94.6,97.15,94.4,97.15,561,8642
334,OQX08,2008-09-26,95.3,96.65,94.7,96.65,583,9173
335,OQX08,2008-09-29,93.49,93.97,88.0,88.0,593,9512
336,OQZ08,2008-09-30,91.44,94.14,91.44,94.14,506,654
337,OQZ08,2008-10-01,94.86,94.86,90.95,90.95,248,866
338,OQZ08,2008-10-02,89.4,89.4,85.15,85.15,232,979
339,OQZ08,2008-10-03,84.3,84.84,83.54,84.15,204,1138
340,OQZ08,2008-10-06,81.0,81.0,77.7,77.7,310,1368
341,OQZ08,2008-10-07,79.45,79.7,76.42,77.85,402,1592
342,OQZ08,2008-10-08,76.0,78.2,74.42,78.2,578,2041
343,OQZ08,2008-10-09,76.65,78.3,76.25,76.25,453,2410
344,OQZ08,2008-10-10,72.7,73.3,69.0,69.0,386,2736
345,OQZ08,2008-10-13,71.75,72.4,71.5,72.4,261,2875
346,OQZ08,2008-10-14,74.35,75.48,70.1,70.1,354,3209
347,OQZ08,2008-10-15,70.05,70.05,66.15,66.15,449,3476
348,OQZ08,2008-10-16,63.28,64.0,61.81,62.0,662,3853
349,OQZ08,2008-10-17,62.8,64.0,62.43,64.0,566,4326
350,OQZ08,2008-10-20,63.93,66.45,63.65,66.45,434,4723
351,OQZ08,2008-10-21,65.2,65.45,63.9,63.9,487,5169
352,OQZ08,2008-10-22,61.25,61.6,58.7,58.7,190,5331
353,OQZ08,2008-10-23,59.97,61.08,59.2,59.9,355,5651
354,OQZ08,2008-10-24,58.65,58.65,56.04,56.4,434,6030
355,OQZ08,2008-10-27,53.88,55.75,53.81,55.75,520,6493
356,OQZ08,2008-10-28,56.5,56.8,55.0,55.0,464,6928
357,OQZ08,2008-10-29,56.6,60.0,55.55,60.0,939,6801
358,OQZ08,2008-10-30,61.55,61.7,58.5,58.5,739,6496
359,OQF09,2008-10-31,57.0,61.6,56.7,61.6,383,407
360,OQF09,2008-11-03,60.66,60.66,56.45,56.45,211,526
361,OQF09,2008-11-04,56.3,62.45,54.71,62.45,210,542
362,OQF09,2008-11-05,60.24,60.24,57.86,57.86,246,688
363,OQF09,2008-11-06,56.3,56.35,52.67,53.32,249,800
364,OQF09,2008-11-07,53.68,55.15,53.68,53.9,237,916
365,OQF09,2008-11-10,55.7,56.3,53.15,55.15,356,1215
366,OQF09,2008-11-11,52.93,53.0,51.15,51.8,349,1499
367,OQF09,2008-11-12,51.2,51.2,48.25,48.25,305,1730
368,OQF09,2008-11-13,47.06,50.0,46.8,50.0,275,1974
369,OQF09,2008-11-14,49.64,49.85,48.3,48.3,281,2183
370,OQF09,2008-11-17,47.66,48.1,47.0,47.0,448,2183
371,OQF09,2008-11-18,47.48,47.48,46.25,46.25,457,2795
372,OQF09,2008-11-19,46.0,46.85,45.85,46.25,471,3242
373,OQF09,2008-11-20,45.0,45.01,42.39,42.42,397,3622
374,OQF09,2008-11-21,43.0,43.5,42.87,43.5,507,4064
375,OQF09,2008-11-24,42.99,48.38,42.5,48.3,418,4414
376,OQF09,2008-11-25,46.45,47.42,46.0,46.0,419,4644
377,OQF09,2008-11-26,44.7,49.2,44.57,49.2,259,4845
378,OQG09,2008-11-28,50.88,50.88,50.88,50.88,0,401
379,OQG09,2008-12-01,47.25,47.65,44.6,44.6,363,606
380,OQG09,2008-12-02,42.99,42.99,41.96,41.96,445,813
381,OQG09,2008-12-03,42.25,42.67,41.68,42.1,499,1131
382,OQG09,2008-12-04,41.1,41.28,39.15,39.15,466,1412
383,OQG09,2008-12-05,39.18,39.66,36.6,36.6,376,1751
384,OQG09,2008-12-08,38.92,40.72,38.92,40.55,274,1941
385,OQG09,2008-12-09,40.74,40.85,38.9,38.9,414,2184
386,OQG09,2008-12-10,39.65,41.2,39.49,40.0,424,2498
387,OQG09,2008-12-11,40.45,45.15,40.18,45.15,545,2944
388,OQG09,2008-12-12,43.05,45.05,43.05,45.05,529,3403
389,OQG09,2008-12-15,44.32,47.22,43.0,43.0,521,3816
390,OQG09,2008-12-16,43.15,44.65,42.5,42.5,480,4241
391,OQG09,2008-12-17,44.03,45.13,41.75,41.75,380,4554
392,OQG09,2008-12-18,42.03,43.5,40.35,40.35,459,5120
393,OQG09,2008-12-19,40.58,41.3,40.58,41.2,236,5314
394,OQG09,2008-12-22,41.61,41.83,38.93,38.93,333,5552
395,OQG09,2008-12-23,38.2,38.3,37.12,37.6,328,5851
396,OQG09,2008-12-24,37.3,37.3,34.0,34.0,338,6156
397,OQG09,2008-12-26,34.3,35.75,34.1,35.75,191,6325
398,OQG09,2008-12-29,37.05,37.35,36.52,37.35,793,6006
399,OQG09,2008-12-30,36.9,37.0,36.5,37.0,254,6249
400,OQH09,2008-12-31,44.55,44.55,44.55,44.55,0,458
401,OQH09,2009-01-02,41.7,46.0,41.7,46.0,432,746
402,OQH09,2009-01-05,46.0,48.55,45.9,48.55,556,860
403,OQH09,2009-01-06,48.4,50.1,48.4,50.1,453,1240
404,OQH09,2009-01-07,50.4,50.6,45.75,45.75,570,1742
405,OQH09,2009-01-08,46.09,47.22,45.09,45.3,364,1977
406,OQH09,2009-01-09,46.3,46.63,44.71,45.75,453,2320
407,OQH09,2009-01-12,44.62,45.1,43.6,44.1,393,2493
408,OQH09,2009-01-13,42.84,45.55,42.2,45.55,394,2581
409,OQH09,2009-01-14,45.48,45.48,43.34,44.55,459,2808
410,OQH09,2009-01-15,43.77,46.15,42.74,44.5,431,3023
411,OQH09,2009-01-16,45.34,46.3,43.95,43.95,409,3276
412,OQH09,2009-01-20,43.7,44.23,40.8,41.4,976,4034
413,OQH09,2009-01-21,41.04,42.45,40.9,42.45,634,4500
414,OQH09,2009-01-22,42.28,43.24,40.78,42.4,641,4905
415,OQH09,2009-01-23,42.24,45.5,41.5,45.5,530,5408
416,OQH09,2009-01-26,44.2,45.37,43.75,43.95,460,5648
417,OQH09,2009-01-27,45.4,45.4,41.3,41.3,330,5907
418,OQH09,2009-01-28,42.55,42.85,42.4,42.85,368,6216
419,OQH09,2009-01-29,43.26,43.58,43.0,43.34,961,6696
420,OQJ09,2009-01-30,45.58,45.58,44.79,44.79,1,276
421,OQJ09,2009-02-02,43.0,43.0,43.0,43.0,289,433
422,OQJ09,2009-02-03,43.25,43.25,43.25,43.25,328,610
423,OQJ09,2009-02-04,43.45,43.45,43.45,43.45,472,1009
424,OQJ09,2009-02-05,45.65,45.65,45.65,45.65,541,1463
425,OQJ09,2009-02-06,46.3,46.3,46.3,46.3,601,1930
426,OQJ09,2009-02-09,46.0,46.0,46.0,46.0,730,2473
427,OQJ09,2009-02-10,44.5,44.5,44.5,44.5,645,2792
428,OQJ09,2009-02-11,45.27,45.27,44.65,44.65,471,3063
429,OQJ09,2009-02-12,45.14,45.45,44.84,45.45,616,2473
430,OQJ09,2009-02-13,45.27,45.31,44.65,44.65,616,3372
431,OQJ09,2009-02-17,44.0,44.55,41.4,41.4,940,4645
432,OQJ09,2009-02-18,41.05,41.08,40.13,40.13,504,5061
433,OQJ09,2009-02-19,40.5,42.1,40.3,42.1,478,5496
434,OQJ09,2009-02-20,41.67,41.67,40.25,41.55,556,5864
435,OQJ09,2009-02-23,42.0,42.0,40.45,40.9,443,6249
436,OQJ09,2009-02-24,40.6,42.0,40.0,42.0,312,6517
437,OQJ09,2009-02-25,41.5,43.35,40.9,43.35,339,6811
438,OQJ09,2009-02-26,43.3,45.35,43.2,45.35,444,7225
439,OQK09,2009-02-27,45.39,45.39,45.39,45.39,0,322
440,OQK09,2009-03-02,44.07,44.88,42.0,42.0,609,765
441,OQK09,2009-03-03,41.9,43.2,41.8,43.07,510,1183
442,OQK09,2009-03-04,43.26,45.05,42.75,45.05,698,1788
443,OQK09,2009-03-05,44.85,44.85,42.65,43.25,1160,2544
444,OQK09,2009-03-06,43.4,44.6,43.3,44.6,427,2886
445,OQK09,2009-03-09,44.31,44.34,42.88,44.1,624,3317
446,OQK09,2009-03-10,43.4,44.8,43.23,43.39,496,3696
447,OQK09,2009-03-11,43.2,43.55,41.51,41.55,624,4127
448,OQK09,2009-03-12,41.68,44.9,41.47,44.9,800,4616
449,OQK09,2009-03-13,44.5,45.32,43.8,43.8,929,5336
450,OQK09,2009-03-16,43.16,45.12,42.25,45.09,704,5835
451,OQK09,2009-03-17,44.25,46.79,43.9,46.78,715,6388
452,OQK09,2009-03-18,46.12,46.74,44.7,46.7,428,6632
453,OQK09,2009-03-19,47.06,49.51,46.6,48.9,670,7122
454,OQK09,2009-03-20,48.76,49.98,48.32,49.85,526,7527
455,OQK09,2009-03-23,50.36,51.26,48.84,51.15,641,8077
456,OQK09,2009-03-24,49.84,50.73,49.26,50.7,740,8702
457,OQK09,2009-03-25,50.06,50.93,49.27,49.45,667,9225
458,OQK09,2009-03-26,50.46,51.46,50.34,51.0,738,9805
459,OQK09,2009-03-27,50.86,51.5,50.3,50.3,869,10375
460,OQK09,2009-03-30,49.0,49.25,46.6,46.6,548,10884
461,OQM09,2009-03-31,47.22,48.56,46.43,47.88,130,145
462,OQM09,2009-04-01,46.94,47.78,46.44,47.25,722,684
463,OQM09,2009-04-02,48.27,51.37,48.0,51.25,343,1017
464,OQM09,2009-04-03,50.99,53.24,50.66,52.03,415,1403
465,OQM09,2009-04-06,52.65,52.9,49.99,50.9,588,1853
466,OQM09,2009-04-07,51.48,51.76,50.04,50.15,522,2274
467,OQM09,2009-04-08,49.31,52.15,48.8,50.45,621,2794
468,OQM09,2009-04-09,52.05,52.46,50.91,52.19,457,3221
469,OQM09,2009-04-13,51.96,52.2,49.81,50.95,490,3670
470,OQM09,2009-04-14,50.66,52.37,50.44,51.05,770,4057
471,OQM09,2009-04-15,51.1,51.91,50.49,50.85,885,4564
472,OQM09,2009-04-16,51.41,51.91,50.79,51.15,692,4997
473,OQM09,2009-04-17,51.2,52.02,51.0,51.55,778,5256
474,OQM09,2009-04-20,50.85,51.15,48.1,48.1,613,5721
475,OQM09,2009-04-21,48.3,49.47,47.52,48.65,800,6291
476,OQM09,2009-04-22,48.43,48.92,47.97,48.9,709,6662
477,OQM09,2009-04-23,48.31,49.07,48.25,48.85,737,7160
478,OQM09,2009-04-24,48.95,50.74,48.42,50.5,782,7669
479,OQM09,2009-04-27,48.81,50.27,48.2,49.5,787,8256
480,OQM09,2009-04-28,48.55,48.9,48.05,48.9,797,8851
481,OQM09,2009-04-29,49.49,50.05,48.99,50.05,555,9241
482,OQN09,2009-04-30,50.52,50.53,49.58,49.98,10,259
483,OQN09,2009-05-01,49.4,51.93,49.2,51.65,777,567
484,OQN09,2009-05-04,52.6,53.85,51.88,53.73,621,987
485,OQN09,2009-05-05,53.54,54.3,53.27,53.58,582,1407
486,OQN09,2009-05-06,53.55,56.1,53.53,56.1,646,1962
487,OQN09,2009-05-07,56.52,57.74,55.34,56.4,519,2327
488,OQN09,2009-05-08,57.17,57.85,56.58,57.85,561,2790
489,OQN09,2009-05-11,57.42,57.53,56.21,57.4,552,3224
490,OQN09,2009-05-12,57.0,58.34,56.73,57.7,725,3750
491,OQN09,2009-05-13,58.64,58.9,56.99,57.2,765,4305
492,OQN09,2009-05-14,57.11,58.22,56.13,58.1,692,4898
493,OQN09,2009-05-15,58.23,58.3,55.85,55.85,433,5272
494,OQN09,2009-05-18,56.12,58.24,55.99,57.9,706,5760
495,OQN09,2009-05-19,59.06,59.17,57.57,58.55,738,6342
496,OQN09,2009-05-20,58.9,60.2,58.62,60.2,546,6777
497,OQN09,2009-05-21,60.0,60.0,58.42,59.45,540,7265
498,OQN09,2009-05-22,59.93,60.39,59.14,60.15,561,7753
499,OQN09,2009-05-26,59.5,60.65,58.62,60.65,1060,8574
500,OQN09,2009-05-27,61.22,61.8,60.66,61.8,532,9028
501,OQN09,2009-05-28,61.16,63.6,61.16,63.6,1127,9035
502,OQQ09,2009-05-29,64.24,64.72,63.57,64.67,295,1465
503,OQQ09,2009-06-01,65.86,67.02,65.81,67.02,614,1834
504,OQQ09,2009-06-02,67.09,67.77,66.17,67.35,469,2458
505,OQQ09,2009-06-03,68.04,68.08,65.39,66.15,481,2644
506,OQQ09,2009-06-04,66.07,68.75,65.98,68.73,572,3013
507,OQQ09,2009-06-05,69.26,69.83,67.65,68.52,670,3503
508,OQQ09,2009-06-08,68.14,69.14,67.23,68.4,584,3958
509,OQQ09,2009-06-09,69.5,70.1,68.98,70.1,604,4410
510,OQQ09,2009-06-10,70.67,71.1,70.19,70.9,459,4757
511,OQQ09,2009-06-11,71.1,72.42,70.79,72.03,494,5131
512,OQQ09,2009-06-12,71.55,71.75,70.37,70.9,343,5402
513,OQQ09,2009-06-15,70.33,71.19,69.31,70.15,549,5801
514,OQQ09,2009-06-16,70.23,71.84,69.36,69.9,565,6128
515,OQQ09,2009-06-17,70.21,70.82,69.5,70.78,667,6489
516,OQQ09,2009-06-18,70.75,71.45,70.38,71.15,490,6796
517,OQQ09,2009-06-19,71.69,71.76,69.72,69.72,620,7212
518,OQQ09,2009-06-22,69.11,69.6,67.62,68.0,667,7674
519,OQQ09,2009-06-23,66.31,68.78,66.3,68.78,763,8086
520,OQQ09,2009-06-24,68.4,69.6,68.26,68.66,749,8715
521,OQQ09,2009-06-25,69.12,70.06,68.76,69.97,737,9234
522,OQQ09,2009-06-26,70.54,71.05,68.82,68.82,696,9733
523,OQQ09,2009-06-29,69.35,71.77,69.3,71.77,1490,9144
524,OQU09,2009-06-30,72.3,72.55,68.71,69.55,65,472
525,OQU09,2009-07-01,69.69,71.25,68.36,68.95,552,913
526,OQU09,2009-07-02,69.03,69.31,66.78,66.93,547,1357
527,OQU09,2009-07-06,65.61,65.61,63.72,64.35,950,2138
528,OQU09,2009-07-07,63.88,64.98,63.29,63.6,661,2570
529,OQU09,2009-07-08,62.52,63.25,60.92,61.0,806,3099
530,OQU09,2009-07-09,61.47,62.49,60.54,61.55,725,3651
531,OQU09,2009-07-10,60.91,61.42,60.08,60.9,653,4226
532,OQU09,2009-07-13,60.13,61.88,59.94,60.95,795,4690
533,OQU09,2009-07-14,61.64,62.72,61.08,61.25,474,4995
534,OQU09,2009-07-15,62.3,63.8,61.89,63.6,1022,5880
535,OQU09,2009-07-16,63.71,63.93,62.77,63.84,701,6190
536,OQU09,2009-07-17,63.26,64.68,62.5,64.6,432,6594
537,OQU09,2009-07-20,65.61,65.72,63.91,65.03,587,7042
538,OQU09,2009-07-21,64.47,65.81,64.21,64.92,690,7570
539,OQU09,2009-07-22,64.97,65.49,64.2,65.4,530,7971
540,OQU09,2009-07-23,65.92,68.55,65.9,68.18,920,8669
541,OQU09,2009-07-24,68.66,69.18,67.97,69.15,551,9149
542,OQU09,2009-07-27,70.05,70.08,68.53,69.05,683,9739
543,OQU09,2009-07-28,69.51,69.64,67.99,68.48,630,10070
544,OQU09,2009-07-29,68.75,68.75,65.3,65.3,799,10786
545,OQU09,2009-07-30,65.46,68.65,65.27,68.65,703,11397
546,OQV09,2009-07-31,69.75,71.18,67.33,70.96,64,601
547,OQV09,2009-08-03,71.45,72.76,71.22,72.43,527,1026
548,OQV09,2009-08-04,72.16,73.1,71.4,73.1,569,1347
549,OQV09,2009-08-05,73.15,73.75,71.93,73.75,502,1695
550,OQV09,2009-08-06,73.73,73.85,71.98,73.18,482,2099
551,OQV09,2009-08-07,72.26,73.58,71.63,71.81,525,2450
552,OQV09,2009-08-10,71.57,72.82,71.51,72.2,527,2824
553,OQV09,2009-08-11,72.47,73.0,70.97,71.3,583,3319
554,OQV09,2009-08-12,71.84,72.51,70.63,71.9,566,3784
555,OQV09,2009-08-13,72.98,73.73,72.19,72.65,564,4218
556,OQV09,2009-08-14,72.9,73.24,70.13,70.3,782,4810
557,OQV09,2009-08-17,70.12,70.5,68.2,69.24,588,5316
558,OQV09,2009-08-18,69.78,71.83,68.47,71.1,746,5827
559,OQV09,2009-08-19,70.48,73.19,70.29,72.98,604,6354
560,OQV09,2009-08-20,73.03,73.25,72.19,72.28,724,6865
561,OQV09,2009-08-21,72.0,73.64,72.0,73.2,644,7223
562,OQV09,2009-08-24,73.33,73.45,72.56,72.98,662,7507
563,OQV09,2009-08-25,72.27,72.8,71.25,71.4,613,7824
564,OQV09,2009-08-26,71.1,71.31,69.96,70.73,658,8107
565,OQV09,2009-08-27,70.24,71.1,69.72,71.1,661,8480
566,OQV09,2009-08-28,71.65,71.65,71.13,71.44,611,8884
567,OQX09,2009-08-31,71.29,72.19,68.82,69.15,108,603
568,OQX09,2009-09-01,69.49,70.44,67.37,67.37,576,1021
569,OQX09,2009-09-02,67.89,68.18,66.9,67.33,582,1462
570,OQX09,2009-09-03,67.85,68.4,67.06,67.06,435,1747
571,OQX09,2009-09-04,67.29,67.72,66.5,67.01,995,1984
572,OQX09,2009-09-08,67.29,70.24,66.73,69.49,1145,2918
573,OQX09,2009-09-09,69.7,70.69,69.44,69.69,728,3436
574,OQX09,2009-09-10,70.39,70.93,69.54,70.25,666,3924
575,OQX09,2009-09-11,69.7,70.9,68.05,68.05,532,4370
576,OQX09,2009-09-14,67.4,68.36,67.4,68.0,506,4766
577,OQX09,2009-09-15,67.7,69.63,67.54,69.5,505,5120
578,OQX09,2009-09-16,69.28,71.3,69.05,71.3,767,5631
579,OQX09,2009-09-17,71.34,71.86,70.73,71.32,709,6170
580,OQX09,2009-09-18,70.95,71.63,70.55,70.8,897,6935
581,OQX09,2009-09-21,70.5,70.58,68.18,68.7,676,7567
582,OQX09,2009-09-22,69.41,70.53,69.11,70.53,515,8016
583,OQX09,2009-09-23,70.34,70.38,67.94,67.95,401,8400
584,OQX09,2009-09-24,67.8,67.87,64.53,64.72,562,8783
585,OQX09,2009-09-25,64.99,65.48,64.06,64.8,459,9159
586,OQX09,2009-09-28,64.87,65.77,64.45,65.77,519,9541
587,OQX09,2009-09-29,65.55,65.72,64.8,65.45,371,9887
588,OQZ09,2009-09-30,66.32,69.66,66.15,69.47,58,434
589,OQZ09,2009-10-01,69.13,70.2,68.17,69.72,914,1204
590,OQZ09,2009-10-02,69.04,69.09,67.54,68.67,497,1547
591,OQZ09,2009-10-05,68.77,69.02,66.59,68.4,665,1994
592,OQZ09,2009-10-06,68.95,69.64,68.39,68.6,649,2340
593,OQZ09,2009-10-07,69.18,69.24,67.08,67.6,704,2624
594,OQZ09,2009-10-08,68.05,69.93,67.21,69.5,704,2878
595,OQZ09,2009-10-09,68.98,70.24,68.75,69.92,443,3180
596,OQZ09,2009-10-12,70.48,71.58,70.26,71.07,397,3345
597,OQZ09,2009-10-13,71.63,72.32,71.06,72.12,500,3523
598,OQZ09,2009-10-14,72.86,73.05,72.33,72.75,564,3941
599,OQZ09,2009-10-15,73.52,75.5,72.72,75.1,914,4534
600,OQZ09,2009-10-16,75.34,76.06,74.48,76.0,635,5067
601,OQZ09,2009-10-19,76.4,76.78,75.61,76.7,711,5610
602,OQZ09,2009-10-20,77.01,77.13,75.62,76.15,667,6119
603,OQZ09,2009-10-21,76.06,78.25,75.48,78.25,685,6137
604,OQZ09,2009-10-22,78.62,78.98,77.66,78.88,406,6694
605,OQZ09,2009-10-23,79.15,79.39,77.96,78.35,777,7380
606,OQZ09,2009-10-26,77.96,79.7,77.13,77.22,554,7800
607,OQZ09,2009-10-27,77.02,78.17,76.61,77.94,538,8261
608,OQZ09,2009-10-28,77.6,77.67,75.99,76.0,1201,9141
609,OQZ09,2009-10-29,75.88,78.03,75.34,78.03,767,9732
610,OQF10,2009-10-30,77.89,77.99,75.6,75.66,99,1256
611,OQF10,2009-11-02,75.91,77.2,75.36,76.76,515,1599
612,OQF10,2009-11-03,76.81,78.43,75.6,78.0,630,1878
613,OQF10,2009-11-04,78.44,79.75,78.26,78.75,626,2070
614,OQF10,2009-11-05,78.66,79.31,78.28,78.4,659,2365
615,OQF10,2009-11-06,78.82,79.11,75.79,76.4,74,2783
616,OQF10,2009-11-09,77.28,78.57,76.79,77.99,671,3138
617,OQF10,2009-11-10,77.93,79.14,76.91,77.86,707,3572
618,OQF10,2009-11-11,78.13,79.22,77.69,78.68,731,3857
619,OQF10,2009-11-12,78.7,78.92,76.43,76.87,655,4245
620,OQF10,2009-11-13,77.19,77.7,75.93,76.47,613,4681
621,OQF10,2009-11-16,77.31,79.17,76.67,78.75,764,5206
622,OQF10,2009-11-17,78.52,79.24,77.95,78.78,747,5681
623,OQF10,2009-11-18,79.25,79.42,78.19,78.9,929,6258
624,OQF10,2009-11-19,79.12,79.35,76.86,77.18,1157,7073
625,OQF10,2009-11-20,77.67,77.79,76.43,77.05,921,7365
626,OQF10,2009-11-23,77.93,79.07,76.88,77.1,1012,8036
627,OQF10,2009-11-24,77.0,77.67,76.07,76.53,775,8443
628,OQF10,2009-11-25,76.96,78.21,76.36,78.2,1268,8754
629,OQF10,2009-11-27,77.66,77.9,73.81,76.7,1202,8992
630,OQG10,2009-11-30,77.61,79.59,77.1,78.68,432,1123
631,OQG10,2009-12-01,78.65,80.23,78.61,79.7,760,1231
632,OQG10,2009-12-02,79.93,79.93,77.99,78.6,889,1537
633,OQG10,2009-12-03,78.91,79.36,78.09,78.88,758,2006
634,OQG10,2009-12-04,78.48,79.9,77.59,77.99,680,2276
635,OQG10,2009-12-07,78.48,78.64,77.11,77.12,1024,2900
636,OQG10,2009-12-08,77.22,77.6,75.91,75.95,823,3201
637,OQG10,2009-12-09,76.06,76.56,72.8,73.1,1281,3861
638,OQG10,2009-12-10,73.05,73.87,71.97,72.7,968,4309
639,OQG10,2009-12-11,72.9,73.24,71.91,72.5,701,4672
640,OQG10,2009-12-14,71.95,72.92,71.89,72.5,838,4995
641,OQG10,2009-12-15,72.78,73.29,72.11,72.59,1071,5665
642,OQG10,2009-12-16,72.59,74.18,72.57,73.7,1352,6427
643,OQG10,2009-12-17,73.52,73.98,71.69,72.62,1075,6969
644,OQG10,2009-12-18,72.67,73.63,71.89,72.55,1017,6975
645,OQG10,2009-12-21,72.83,73.47,71.91,72.5,804,7240
646,OQG10,2009-12-22,71.84,73.55,71.69,73.12,1012,7555
647,OQG10,2009-12-23,72.86,74.78,72.61,74.66,747,8051
648,OQG10,2009-12-24,74.89,75.65,74.07,75.65,458,8248
649,OQG10,2009-12-28,76.24,76.75,75.59,76.7,847,8571
650,OQG10,2009-12-29,76.98,77.3,76.74,77.25,1335,9115
651,OQG10,2009-12-30,77.45,77.78,76.82,77.05,627,9528
652,OQH10,2009-12-31,78.51,78.92,77.97,77.97,70,513
653,OQH10,2010-01-04,78.7,80.0,78.48,79.97,1018,1002
654,OQH10,2010-01-05,80.2,80.58,79.59,80.27,980,1525
655,OQH10,2010-01-06,80.18,81.9,79.72,81.62,1076,2194
656,OQH10,2010-01-07,81.09,81.49,80.67,81.0,778,2634
657,OQH10,2010-01-08,80.6,81.46,80.21,81.15,755,3076
658,OQH10,2010-01-11,81.73,82.07,80.39,80.93,829,3629
659,OQH10,2010-01-12,80.29,80.74,78.87,79.33,951,4120
660,OQH10,2010-01-13,78.73,79.06,77.33,78.38,1113,4554
661,OQH10,2010-01-14,78.75,79.13,77.79,78.5,1153,4990
662,OQH10,2010-01-15,78.0,78.09,76.91,77.05,1027,5491
663,OQH10,2010-01-19,76.32,77.57,75.27,77.45,2119,6926
664,OQH10,2010-01-20,77.04,77.06,75.63,76.03,1195,6613
665,OQH10,2010-01-21,76.24,76.52,74.29,74.62,1047,6999
666,OQH10,2010-01-22,74.49,74.83,72.33,72.6,831,7325
667,OQH10,2010-01-25,72.76,73.47,72.4,73.47,654,7644
668,OQH10,2010-01-26,72.67,73.31,72.31,73.0,817,8077
669,OQH10,2010-01-27,73.09,73.3,72.06,72.06,1059,8396
670,OQH10,2010-01-28,72.6,72.63,72.13,72.13,656,8761
671,OQJ10,2010-01-29,72.35,73.57,71.46,71.82,162,649
672,OQJ10,2010-02-01,71.65,73.42,71.59,73.24,1024,1117
673,OQJ10,2010-02-02,73.61,75.89,73.2,75.57,1091,1624
674,OQJ10,2010-02-03,75.59,76.67,75.18,75.8,1084,2246
675,OQJ10,2010-02-04,75.2,75.63,71.89,72.7,1855,3172
676,OQJ10,2010-02-05,71.85,72.2,68.44,69.74,1010,3648
677,OQJ10,2010-02-08,69.88,70.75,69.48,70.25,981,4247
678,OQJ10,2010-02-09,70.48,72.31,70.08,72.05,903,5207
679,OQJ10,2010-02-10,71.85,73.01,71.0,72.5,903,5207
680,OQJ10,2010-02-11,72.84,73.74,72.15,73.5,1235,5428
681,OQJ10,2010-02-12,73.35,73.44,71.56,72.55,836,5625
682,OQJ10,2010-02-16,72.45,75.2,71.9,74.95,1854,7320
683,OQJ10,2010-02-17,75.12,75.7,74.87,75.54,1328,8249
684,OQJ10,2010-02-18,75.23,76.46,74.24,76.46,1061,9013
685,OQJ10,2010-02-19,75.5,77.05,75.22,77.0,957,9781
686,OQJ10,2010-02-22,77.28,77.57,76.57,77.22,1211,10587
687,OQJ10,2010-02-23,76.66,77.22,75.5,75.98,1523,11425
688,OQJ10,2010-02-24,76.0,76.8,75.44,76.7,1984,12415
689,OQJ10,2010-02-25,76.3,76.8,74.32,75.03,1169,13248
690,OQK10,2010-02-26,75.92,77.04,75.14,76.93,21,451
691,OQK10,2010-03-01,76.97,77.5,75.45,75.89,769,938
692,OQK10,2010-03-02,75.91,77.82,75.47,76.55,927,1573
693,OQK10,2010-03-03,76.5,77.74,76.37,77.51,816,1978
694,OQK10,2010-03-04,76.98,77.74,76.82,77.18,947,2449
695,OQK10,2010-03-05,77.47,78.81,77.46,78.21,910,3041
696,OQK10,2010-03-08,78.5,79.06,77.79,78.81,828,3602
697,OQK10,2010-03-09,78.45,78.8,77.23,78.15,1006,4201
698,OQK10,2010-03-10,78.36,79.41,77.49,78.8,1143,4878
699,OQK10,2010-03-11,78.12,78.93,78.08,78.73,915,5239
700,OQK10,2010-03-12,78.76,79.64,77.38,78.05,1256,5824
701,OQK10,2010-03-15,77.69,77.92,75.92,76.6,1108,6376
702,OQK10,2010-03-16,76.5,78.45,75.99,78.28,1202,6982
703,OQK10,2010-03-17,78.69,78.91,78.06,78.85,1019,7640
704,OQK10,2010-03-18,78.52,78.79,77.88,78.56,934,8223
705,OQK10,2010-03-19,78.58,78.74,77.01,77.7,1089,8894
706,OQK10,2010-03-22,78.64,78.69,76.01,78.01,1628,9695
707,OQK10,2010-03-23,78.08,78.63,77.6,78.42,1313,10362
708,OQK10,2010-03-24,77.86,78.08,77.05,77.62,1443,11027
709,OQK10,2010-03-25,77.42,78.46,77.39,77.62,1154,11794
710,OQK10,2010-03-26,78.21,78.53,77.08,77.52,1214,12255
711,OQK10,2010-03-29,77.7,79.35,77.62,78.92,1297,12880
712,OQK10,2010-03-30,79.15,79.25,78.79,79.25,842,13470
713,OQM10,2010-03-31,79.48,80.69,79.48,80.69,159,264
714,OQM10,2010-04-01,80.46,82.15,80.39,81.95,159,264
715,OQM10,2010-04-05,82.4,83.52,81.98,83.4,975,1395
716,OQM10,2010-04-06,83.38,83.74,82.91,83.54,722,1573
717,OQM10,2010-04-07,84.02,84.02,82.79,83.06,868,1999
718,OQM10,2010-04-08,83.1,83.21,82.33,82.88,866,2407
719,OQM10,2010-04-09,83.57,83.92,82.33,83.07,754,2788
720,OQM10,2010-04-12,83.59,83.91,82.92,83.3,716,3035
721,OQM10,2010-04-13,83.45,83.65,82.45,83.33,1198,3662
722,OQM10,2010-04-14,83.62,84.6,83.09,84.18,1074,4313
723,OQM10,2010-04-15,84.52,85.19,84.32,84.96,1082,4874
724,OQM10,2010-04-16,84.92,85.16,83.3,84.08,1156,5326
725,OQM10,2010-04-19,83.1,83.1,81.53,82.38,1362,5692
726,OQM10,2010-04-20,82.87,83.54,82.59,82.8,812,5998
727,OQM10,2010-04-21,83.59,84.09,82.68,83.68,955,6282
728,OQM10,2010-04-22,83.51,84.37,82.4,83.92,862,6732
729,OQM10,2010-04-23,83.36,85.15,83.36,85.1,1146,7216
730,OQM10,2010-04-26,85.61,85.74,84.66,85.04,1152,8339
731,OQM10,2010-04-27,84.8,85.23,83.69,84.12,1112,8322
732,OQM10,2010-04-28,83.82,84.36,83.26,84.32,1053,8489
733,OQM10,2010-04-29,84.32,85.47,84.21,85.06,751,8905
734,OQN10,2010-04-30,86.19,86.59,85.76,86.28,125,462
735,OQN10,2010-05-03,86.5,88.16,86.22,87.62,1113,980
736,OQN10,2010-05-04,87.43,87.96,84.72,85.11,1117,1409
737,OQN10,2010-05-05,84.35,84.8,81.7,81.95,885,1974
738,OQN10,2010-05-06,81.79,82.21,79.44,79.95,1124,2487
739,OQN10,2010-05-07,80.13,80.29,77.68,78.07,1122,3276
740,OQN10,2010-05-10,80.02,81.17,79.18,80.18,1098,3839
741,OQN10,2010-05-11,79.54,81.13,79.17,80.69,1093,4576
742,OQN10,2010-05-12,80.34,81.71,80.27,81.27,1180,5169
743,OQN10,2010-05-13,81.35,81.9,80.28,80.5,1268,5924
744,OQN10,2010-05-14,80.26,80.28,76.95,77.18,1376,6569
745,OQN10,2010-05-17,75.78,77.34,74.07,74.35,1491,7392
746,OQN10,2010-05-18,75.07,75.49,73.39,73.89,1565,7922
747,OQN10,2010-05-19,72.88,73.14,71.62,72.53,1275,8575
748,OQN10,2010-05-20,72.41,72.79,69.11,70.58,1370,8938
749,OQN10,2010-05-21,69.35,71.38,69.28,70.16,1481,9688
750,OQN10,2010-05-24,69.97,70.96,69.71,69.93,1062,10246
751,OQN10,2010-05-25,68.46,68.78,67.66,68.61,1156,10987
752,OQN10,2010-05-26,68.86,70.6,68.66,70.6,1374,11945
753,OQQ10,2010-05-27,71.9,74.03,71.44,73.96,18,141
754,OQQ10,2010-05-28,73.95,74.93,72.94,73.72,206,278
755,OQQ10,2010-06-01,74.3,74.92,71.25,72.25,961,808
756,OQQ10,2010-06-02,72.12,74.32,71.61,73.58,1096,1172
757,OQQ10,2010-06-03,74.8,75.14,73.48,75.05,1363,1993
758,OQQ10,2010-06-04,74.9,75.92,71.45,72.75,1716,2677
759,OQQ10,2010-06-07,70.86,72.53,70.86,71.82,1260,3486
760,OQQ10,2010-06-08,72.18,72.34,70.92,71.67,1307,4477
761,OQQ10,2010-06-09,72.12,73.92,71.61,73.55,1182,4640
762,OQQ10,2010-06-10,73.61,75.08,72.95,74.56,1267,5405
763,OQQ10,2010-06-11,74.7,75.01,73.12,73.93,1150,5989
764,OQQ10,2010-06-14,74.76,75.32,73.37,74.06,1149,6526
765,OQQ10,2010-06-15,73.9,75.42,73.68,75.28,1396,7107
766,OQQ10,2010-06-16,75.57,76.5,74.76,76.12,1028,7754
767,OQQ10,2010-06-17,76.05,77.04,75.83,76.66,1165,8379
768,OQQ10,2010-06-18,76.65,77.01,75.26,76.35,1210,8805
769,OQQ10,2010-06-21,77.75,77.77,75.48,76.42,1606,9815
770,OQQ10,2010-06-22,75.97,76.72,75.19,76.7,1518,9880
771,OQQ10,2010-06-23,75.51,75.87,73.78,74.27,1541,10783
772,OQQ10,2010-06-24,74.09,74.43,73.36,74.4,1254,11250
773,OQQ10,2010-06-25,74.34,76.25,73.69,76.0,1049,11770
774,OQQ10,2010-06-28,75.53,75.76,74.56,74.9,1431,12868
775,OQQ10,2010-06-29,73.77,73.95,72.55,72.66,1117,13580
776,OQU10,2010-06-30,73.58,74.31,72.15,73.11,234,565
777,OQU10,2010-07-01,72.28,72.32,69.4,70.36,1282,1278
778,OQU10,2010-07-02,70.32,70.66,69.24,69.6,1027,1762
779,OQU10,2010-07-06,70.36,71.22,68.96,69.52,3132,3424
780,OQU10,2010-07-07,69.59,71.7,69.01,71.46,1256,3774
781,OQU10,2010-07-08,71.92,73.27,71.8,72.9,1063,4363
782,OQU10,2010-07-09,73.19,73.88,72.52,73.44,1140,5028
783,OQU10,2010-07-12,72.73,73.4,71.69,72.13,1095,5645
784,OQU10,2010-07-13,71.41,74.39,71.36,74.25,1163,6332
785,OQU10,2010-07-14,73.94,75.09,73.55,74.07,1271,7022
786,OQU10,2010-07-15,73.66,74.76,72.64,73.72,1411,7620
787,OQU10,2010-07-16,73.61,73.94,72.66,73.17,1164,8271
788,OQU10,2010-07-19,72.68,74.73,72.43,73.17,1045,8793
789,OQU10,2010-07-20,73.55,73.86,72.26,73.58,1382,9495
790,OQU10,2010-07-21,73.52,74.2,72.29,72.5,1676,10176
791,OQU10,2010-07-22,72.43,74.9,71.92,74.84,1630,10860
792,OQU10,2010-07-23,74.49,74.89,73.77,74.24,1941,12164
793,OQU10,2010-07-26,74.42,74.58,73.46,74.3,1770,13497
794,OQU10,2010-07-27,74.27,75.18,72.54,73.24,2116,14688
795,OQU10,2010-07-28,72.95,73.31,72.95,72.95,1483,15176
796,OQU10,2010-07-29,73.23,74.12,72.8,74.12,922,15427
797,OQV10,2010-07-30,75.38,75.45,73.95,75.19,101,624
798,OQV10,2010-08-02,75.99,77.95,75.76,77.95,1151,1273
799,OQV10,2010-08-03,78.09,79.15,77.2,79.15,1038,1817
800,OQV10,2010-08-04,78.82,79.39,78.31,78.9,1260,2374
801,OQV10,2010-08-05,78.9,79.04,78.4,78.85,1455,3219
802,OQV10,2010-08-06,78.91,79.28,76.96,77.55,1111,3730
803,OQV10,2010-08-09,77.82,78.58,77.57,78.28,1105,4362
804,OQV10,2010-08-10,77.82,77.86,76.2,77.3,1241,5084
805,OQV10,2010-08-11,76.44,76.6,74.7,74.98,1089,5728
806,OQV10,2010-08-12,74.71,74.74,72.84,72.93,1246,6390
807,OQV10,2010-08-13,73.62,73.66,71.97,72.54,1031,6849
808,OQV10,2010-08-16,72.9,73.19,72.17,72.7,1362,7392
809,OQV10,2010-08-17,72.71,74.76,72.67,73.98,1080,7762
810,OQV10,2010-08-18,73.83,74.08,72.75,73.86,1341,8091
811,OQV10,2010-08-19,74.18,74.43,72.4,72.67,1312,8025
812,OQV10,2010-08-20,72.9,72.9,71.45,71.66,1208,8384
813,OQV10,2010-08-23,71.84,72.32,70.78,71.11,1660,8779
814,OQV10,2010-08-24,70.56,70.95,69.94,70.15,1437,9448
815,OQV10,2010-08-25,70.5,71.56,69.59,71.3,1340,10033
816,OQV10,2010-08-26,71.28,73.22,71.18,72.75,1415,10776
817,OQV10,2010-08-27,72.45,74.4,72.35,74.38,1442,11491
818,OQV10,2010-08-30,74.31,74.45,73.86,74.45,897,12000
819,OQX10,2010-08-31,74.1,74.95,72.88,72.9,112,673
820,OQX10,2010-09-01,73.57,75.02,72.9,74.64,1311,931
821,OQX10,2010-09-02,74.51,75.22,73.52,75.04,1056,1438
822,OQX10,2010-09-03,74.75,75.15,73.15,73.42,773,1900
823,OQX10,2010-09-07,74.41,75.94,73.35,75.31,1855,3014
824,OQX10,2010-09-08,75.33,76.38,74.54,75.71,840,3236
825,OQX10,2010-09-09,75.91,76.33,74.78,75.1,1043,3854
826,OQX10,2010-09-10,75.21,75.72,74.57,75.6,697,4250
827,OQX10,2010-09-13,76.06,76.76,75.43,76.3,1340,4992
828,OQX10,2010-09-14,76.34,77.07,75.78,76.6,1059,5416
829,OQX10,2010-09-15,76.18,77.17,76.05,77.06,973,5845
830,OQX10,2010-09-16,76.48,77.3,75.69,76.29,1210,6445
831,OQX10,2010-09-17,76.6,77.0,74.93,75.83,1370,7070
832,OQX10,2010-09-20,75.86,77.23,75.02,76.63,1164,7610
833,OQX10,2010-09-21,76.42,77.15,75.66,75.86,1681,8578
834,OQX10,2010-09-22,75.86,76.24,75.05,75.05,1400,9307
835,OQX10,2010-09-23,75.19,76.06,74.45,75.7,1455,10117
836,OQX10,2010-09-24,75.27,76.46,75.23,76.07,887,10656
837,OQX10,2010-09-27,76.18,76.32,74.87,75.81,1035,11228
838,OQX10,2010-09-28,75.1,76.52,74.8,75.8,961,11788
839,OQX10,2010-09-29,76.32,76.8,74.69,76.8,864,12419
840,OQZ10,2010-09-30,77.73,79.64,77.73,79.64,552,1129
841,OQZ10,2010-10-01,80.43,80.94,79.74,80.94,930,1670
842,OQZ10,2010-10-04,80.84,81.29,79.85,80.25,1485,2166
843,OQZ10,2010-10-05,80.35,81.81,80.05,81.78,1342,2841
844,OQZ10,2010-10-06,82.07,82.62,81.08,81.95,1332,3513
845,OQZ10,2010-10-07,82.55,82.91,80.04,80.52,1573,4064
846,OQZ10,2010-10-08,80.52,81.8,79.31,81.33,1261,4744
847,OQZ10,2010-10-11,81.62,81.88,80.42,80.93,1133,5293
848,OQZ10,2010-10-12,80.22,81.24,79.96,80.78,1402,6054
849,OQZ10,2010-10-13,81.23,82.09,81.17,81.74,1616,6815
850,OQZ10,2010-10-14,81.81,82.44,80.46,80.94,1355,7583
851,OQZ10,2010-10-15,81.13,81.53,79.16,79.72,1394,8330
852,OQZ10,2010-10-18,78.94,81.68,78.81,81.6,1593,8998
853,OQZ10,2010-10-19,81.13,81.49,78.16,78.37,1416,9593
854,OQZ10,2010-10-20,78.8,80.79,78.18,80.78,1532,10101
855,OQZ10,2010-10-21,80.18,81.0,78.77,79.17,1872,10593
856,OQZ10,2010-10-22,79.38,80.38,79.19,80.22,1848,11073
857,OQZ10,2010-10-25,81.02,81.46,80.04,80.83,1682,11783
858,OQZ10,2010-10-26,80.53,81.01,80.16,80.82,1750,12444
859,OQZ10,2010-10-27,80.42,80.48,79.01,80.48,1628,12960
860,OQZ10,2010-10-28,80.56,80.68,80.23,80.65,1277,13760
861,OQF11,2010-10-29,80.8,81.1,79.84,80.58,56,597
862,OQF11,2010-11-01,80.78,82.62,80.54,81.7,1094,1093
863,OQF11,2010-11-02,82.28,83.24,82.1,82.87,1556,1901
864,OQF11,2010-11-03,83.15,84.24,82.74,83.78,1709,2811
865,OQF11,2010-11-04,84.65,85.69,84.63,85.5,1662,3479
866,OQF11,2010-11-05,85.81,86.12,84.71,85.52,1248,4089
867,OQF11,2010-11-08,85.56,86.02,84.86,86.02,1111,4651
868,OQF11,2010-11-09,85.62,86.4,84.66,85.62,1469,5027
869,OQF11,2010-11-10,85.57,86.57,85.14,86.28,1131,5492
870,OQF11,2010-11-11,86.76,86.95,86.07,86.23,1238,6194
871,OQF11,2010-11-12,85.26,85.78,83.73,84.08,1133,6625
872,OQF11,2010-11-15,84.2,85.0,84.01,84.4,1418,7222
873,OQF11,2010-11-16,83.98,84.29,82.36,82.5,1162,7886
874,OQF11,2010-11-17,82.19,82.79,80.78,81.1,1005,8320
875,OQF11,2010-11-18,82.13,82.98,81.9,82.67,1249,8789
876,OQF11,2010-11-19,82.45,83.64,81.43,81.86,1463,9626
877,OQF11,2010-11-22,82.44,82.98,80.85,81.63,1633,9951
878,OQF11,2010-11-23,81.21,81.7,80.39,81.1,1538,10401
879,OQF11,2010-11-24,81.5,83.72,81.13,83.55,1666,10914
880,OQF11,2010-11-26,83.36,84.02,82.21,83.0,2427,12169
881,OQF11,2010-11-29,84.02,84.6,82.94,84.6,848,12255
882,OQG11,2010-11-30,84.79,84.79,82.97,83.4,24,904
883,OQG11,2010-12-01,83.91,86.33,83.79,85.8,1199,1434
884,OQG11,2010-12-02,86.4,87.84,85.96,87.68,1350,2262
885,OQG11,2010-12-03,87.75,88.73,86.91,88.3,1190,2421
886,OQG11,2010-12-06,88.62,89.12,87.83,88.34,1319,3229
887,OQG11,2010-12-07,87.83,90.01,87.83,88.79,1448,4152
888,OQG11,2010-12-08,88.01,89.16,87.79,88.4,1438,4738
889,OQG11,2010-12-09,89.22,89.42,88.14,88.9,1665,5494
890,OQG11,2010-12-10,89.2,89.28,87.55,88.2,1553,6087
891,OQG11,2010-12-13,88.85,89.98,88.43,88.97,1099,6434
892,OQG11,2010-12-14,88.86,89.56,88.54,89.05,1392,7164
893,OQG11,2010-12-15,89.05,90.47,88.61,90.08,1274,7842
894,OQG11,2010-12-16,90.03,90.06,89.46,89.73,1519,8774
895,OQG11,2010-12-17,89.95,90.21,88.86,89.6,1360,9433
896,OQG11,2010-12-20,89.39,90.28,88.5,90.28,1047,9890
897,OQG11,2010-12-21,90.01,90.41,89.56,90.38,1576,10538
898,OQG11,2010-12-22,90.6,90.89,90.28,90.68,1435,11124
899,OQG11,2010-12-23,90.78,91.5,90.33,91.38,1326,11972
900,OQG11,2010-12-27,91.13,91.46,89.9,90.65,1040,12602
901,OQG11,2010-12-28,90.59,90.7,89.35,90.26,1326,13318
902,OQG11,2010-12-29,89.87,90.15,89.4,89.8,1446,14065
903,OQG11,2010-12-30,90.18,90.26,88.6,88.6,1553,14238
904,OQH11,2010-12-31,89.78,91.8,88.82,91.35,23,2251
905,OQH11,2011-01-03,91.46,92.42,90.95,91.24,688,2646
906,OQH11,2011-01-04,91.37,92.52,89.47,90.35,1104,3300
907,OQH11,2011-01-05,90.21,92.53,89.15,92.17,1112,3920
908,OQH11,2011-01-06,92.07,92.76,90.78,91.15,1328,4420
909,OQH11,2011-01-07,90.58,91.36,89.54,90.32,1322,4822
910,OQH11,2011-01-10,90.63,92.7,90.62,92.64,1120,5494
911,OQH11,2011-01-11,92.49,94.25,91.81,94.14,1288,6167
912,OQH11,2011-01-12,94.15,94.71,93.5,94.24,1542,6778
913,OQH11,2011-01-13,94.38,94.42,92.64,93.4,1727,7444
914,OQH11,2011-01-14,93.57,94.2,92.7,94.15,1789,8011
915,OQH11,2011-01-18,93.98,93.98,92.13,93.38,2790,8676
916,OQH11,2011-01-19,93.6,93.93,93.09,93.36,1096,8948
917,OQH11,2011-01-20,93.25,93.36,91.28,92.34,1488,9176
918,OQH11,2011-01-21,92.05,93.27,91.95,93.18,1167,9677
919,OQH11,2011-01-24,93.45,93.51,91.32,91.88,1290,9991
920,OQH11,2011-01-25,91.74,92.18,90.39,90.93,1643,10243
921,OQH11,2011-01-26,91.47,94.04,91.41,93.75,1415,10583
922,OQH11,2011-01-27,93.5,93.68,92.85,93.15,1490,11447
923,OQH11,2011-01-28,93.3,94.9,93.1,94.9,1311,12451
924,OQJ11,2011-01-31,94.78,96.2,93.91,96.2,51,1345
925,OQJ11,2011-02-01,95.77,97.17,95.46,96.7,1022,1902
926,OQJ11,2011-02-02,96.84,97.74,96.81,97.3,1059,2438
927,OQJ11,2011-02-03,98.6,99.03,97.06,97.18,1219,3181
928,OQJ11,2011-02-04,97.86,98.06,95.34,95.95,1083,3822
929,OQJ11,2011-02-07,96.2,96.76,95.17,95.5,993,4450
930,OQJ11,2011-02-08,95.7,96.66,93.92,96.25,958,4986
931,OQJ11,2011-02-09,96.55,98.03,96.55,98.02,1422,5766
932,OQJ11,2011-02-10,98.07,98.81,96.94,97.17,1436,6559
933,OQJ11,2011-02-11,97.73,98.08,96.23,96.67,1217,7165
934,OQJ11,2011-02-14,97.05,99.9,96.63,98.92,1389,7842
935,OQJ11,2011-02-15,99.2,99.28,97.48,97.48,1263,8347
936,OQJ11,2011-02-16,97.7,99.72,97.5,99.65,1075,8851
937,OQJ11,2011-02-17,99.5,100.06,98.64,98.69,1406,9487
938,OQJ11,2011-02-18,98.56,99.92,97.59,98.2,1535,10341
939,OQJ11,2011-02-22,100.0,105.41,100.0,103.5,3602,12363
940,OQJ11,2011-02-23,104.03,108.38,103.68,108.35,1823,13462
941,OQJ11,2011-02-24,111.74,114.0,108.19,108.55,1552,14604
942,OQJ11,2011-02-25,109.0,109.78,108.5,109.21,1764,15557
943,OQK11,2011-02-28,108.33,108.73,106.07,106.65,12,859
944,OQK11,2011-03-01,107.11,110.91,106.54,110.15,1146,1509
945,OQK11,2011-03-02,110.07,112.6,109.06,111.23,963,1933
946,OQK11,2011-03-03,111.27,111.46,108.77,110.05,1019,2653
947,OQK11,2011-03-04,110.15,111.33,109.89,110.83,1107,3192
948,OQK11,2011-03-07,112.17,113.3,110.25,110.25,1167,3800
949,OQK11,2011-03-08,110.52,110.83,108.5,108.98,1199,4391
950,OQK11,2011-03-09,108.55,111.3,108.4,111.3,1073,4934
951,OQK11,2011-03-10,111.5,111.89,109.06,110.8,1030,5512
952,OQK11,2011-03-11,109.94,110.98,107.03,108.6,1227,6016
953,OQK11,2011-03-14,107.24,107.8,105.2,107.65,1095,6569
954,OQK11,2011-03-15,105.85,106.73,102.74,102.95,1076,7103
955,OQK11,2011-03-16,104.25,106.31,102.14,104.98,1115,7485
956,OQK11,2011-03-17,105.75,109.22,104.22,109.22,1042,8074
957,OQK11,2011-03-18,110.54,111.17,107.5,107.5,850,8554
958,OQK11,2011-03-21,109.85,110.14,108.75,108.8,891,8964
959,OQK11,2011-03-22,108.97,110.22,108.52,109.72,1252,9666
960,OQK11,2011-03-23,109.69,110.1,109.5,109.61,1126,10357
961,OQK11,2011-03-24,109.97,110.38,109.22,109.85,1473,10977
962,OQK11,2011-03-25,110.64,110.84,109.5,109.5,1424,11774
963,OQK11,2011-03-28,109.22,110.21,108.6,108.78,953,12088
964,OQK11,2011-03-29,108.54,109.24,108.0,109.24,1901,13195
965,OQK11,2011-03-30,109.39,109.42,108.97,109.1,1384,14380
966,OQK11,2011-03-31,109.8,109.99,109.55,109.64,517,0
967,OQM11,2011-04-01,111.52,112.5,110.57,112.5,1178,1071
968,OQM11,2011-04-04,112.77,114.71,112.57,114.45,803,1547
969,OQM11,2011-04-05,114.27,116.14,113.6,115.6,937,1899
970,OQM11,2011-04-06,115.62,116.67,115.16,115.8,804,2347
971,OQM11,2011-04-07,115.4,116.12,115.11,116.1,1160,3102
972,OQM11,2011-04-08,117.42,119.95,117.2,119.78,1030,3516
973,OQM11,2011-04-11,118.85,119.54,116.92,117.17,1029,4112
974,OQM11,2011-04-12,116.56,118.51,113.6,114.67,1458,4876
975,OQM11,2011-04-13,114.97,116.57,114.07,116.55,866,5394
976,OQM11,2011-04-14,116.45,116.96,115.28,115.98,1205,5973
977,OQM11,2011-04-15,116.13,117.5,115.36,117.5,948,6539
978,OQM11,2011-04-18,116.25,116.78,115.07,116.6,1447,7309
979,OQM11,2011-04-19,115.44,116.63,113.62,115.75,1545,8198
980,OQM11,2011-04-20,116.18,118.35,116.18,118.05,1655,8227
981,OQM11,2011-04-21,118.64,118.98,117.8,118.25,1080,8731
982,OQM11,2011-04-25,118.57,118.68,117.15,117.6,1204,9203
983,OQM11,2011-04-26,117.3,118.15,117.3,117.9,1496,9651
984,OQM11,2011-04-27,118.0,119.15,117.71,119.15,1017,9702
985,OQM11,2011-04-28,119.73,119.8,117.99,118.8,1381,9448
986,OQM11,2011-04-29,118.4,119.2,118.0,118.58,479,0
987,OQN11,2011-05-02,119.07,120.54,116.41,119.5,569,621
988,OQN11,2011-05-03,118.65,119.1,116.38,116.38,839,1153
989,OQN11,2011-05-04,116.68,117.19,115.13,115.13,1123,1701
990,OQN11,2011-05-05,115.7,116.17,105.08,105.08,1066,2210
991,OQN11,2011-05-06,104.55,107.99,100.41,104.35,890,2787
992,OQN11,2011-05-09,105.46,110.05,104.25,110.05,1063,3479
993,OQN11,2011-05-10,108.96,112.25,108.39,112.25,1546,4271
994,OQN11,2011-05-11,111.9,112.78,107.68,107.68,1505,4889
995,OQN11,2011-05-12,106.66,108.24,104.94,107.53,1085,5333
996,OQN11,2011-05-13,107.81,109.27,106.37,108.8,1168,5672
997,OQN11,2011-05-16,108.24,108.68,106.43,107.77,1071,6326
998,OQN11,2011-05-17,106.12,107.33,103.9,105.95,1088,6796
999,OQN11,2011-05-18,106.23,108.38,106.18,107.8,1413,7125
1000,OQN11,2011-05-19,108.1,108.46,106.87,106.9,964,7655
1001,OQN11,2011-05-20,107.31,107.8,104.29,107.7,1036,8355
1002,OQN11,2011-05-23,105.8,105.87,104.26,105.4,1326,8624
1003,OQN11,2011-05-24,106.31,107.56,105.78,107.42,991,9049
1004,OQN11,2011-05-25,106.77,109.6,106.18,109.6,1403,9484
1005,OQN11,2011-05-26,109.55,109.87,108.33,109.2,1124,10345
1006,OQN11,2011-05-27,109.41,109.74,108.62,108.85,1484,10599
1007,OQQ11,2011-05-31,108.47,110.85,108.47,110.71,194,918
1008,OQQ11,2011-06-01,110.5,110.99,108.7,108.7,985,1470
1009,OQQ11,2011-06-02,108.46,110.17,108.05,110.17,840,1733
1010,OQQ11,2011-06-03,108.78,110.27,107.67,110.27,862,2099
1011,OQQ11,2011-06-06,109.67,109.67,108.27,108.57,903,2576
1012,OQQ11,2011-06-07,108.2,110.75,107.98,110.75,826,3061
1013,OQQ11,2011-06-08,110.21,112.28,109.59,111.75,1054,3494
1014,OQQ11,2011-06-09,112.19,113.0,110.95,112.95,1343,3971
1015,OQQ11,2011-06-10,113.25,113.32,110.99,111.6,1254,4221
1016,OQQ11,2011-06-13,111.57,113.0,110.05,111.65,925,4443
1017,OQQ11,2011-06-14,111.31,113.36,111.02,112.78,1154,4886
1018,OQQ11,2011-06-15,112.78,112.8,111.05,111.59,1030,5220
1019,OQQ11,2011-06-16,107.68,108.93,106.58,107.85,1179,5918
1020,OQQ11,2011-06-17,107.37,108.02,105.28,107.2,913,6425
1021,OQQ11,2011-06-20,106.0,106.97,105.94,106.1,981,6830
1022,OQQ11,2011-06-21,107.09,107.58,104.53,105.63,659,7087
1023,OQQ11,2011-06-22,106.04,108.65,105.02,108.65,702,7445
1024,OQQ11,2011-06-23,107.34,107.44,100.97,102.45,1018,8037
1025,OQQ11,2011-06-24,103.4,103.99,101.04,102.6,954,8161
1026,OQQ11,2011-06-27,99.94,102.45,99.91,102.45,855,8286
1027,OQQ11,2011-06-28,102.38,104.7,101.73,104.7,576,8321
1028,OQQ11,2011-06-29,104.84,107.0,103.23,107.0,305,8305
1029,OQU11,2011-06-30,107.79,107.85,105.81,107.49,141,211
1030,OQU11,2011-07-01,106.62,106.88,104.73,106.8,1349,1086
1031,OQU11,2011-07-05,107.01,108.42,104.9,107.67,2271,2733
1032,OQU11,2011-07-06,108.21,108.52,106.53,108.15,1495,3483
1033,OQU11,2011-07-07,108.8,112.4,108.66,112.35,1568,4325
1034,OQU11,2011-07-08,112.95,113.95,111.36,112.45,1573,4861
1035,OQU11,2011-07-11,112.2,112.2,110.08,111.36,1642,5487
1036,OQU11,2011-07-12,110.25,111.93,109.37,111.93,1363,6052
1037,OQU11,2011-07-13,112.02,113.48,110.99,112.98,1347,6840
1038,OQU11,2011-07-14,112.52,113.31,111.4,112.05,2133,8112
1039,OQU11,2011-07-15,110.92,112.3,110.31,112.3,1356,8843
1040,OQU11,2011-07-18,111.62,111.7,109.21,110.6,1076,9369
1041,OQU11,2011-07-19,111.11,112.47,110.81,111.2,1486,10277
1042,OQU11,2011-07-20,112.11,112.99,111.51,112.4,1436,10853
1043,OQU11,2011-07-21,112.64,113.62,111.32,112.2,1699,11533
1044,OQU11,2011-07-22,112.48,113.2,111.85,113.2,1680,12341
1045,OQU11,2011-07-25,112.32,112.86,111.51,112.32,2672,13964
1046,OQU11,2011-07-26,113.0,113.25,111.24,112.75,2627,14608
1047,OQU11,2011-07-27,112.42,112.92,112.0,112.0,2493,14993
1048,OQU11,2011-07-28,112.5,113.8,111.9,111.9,2395,14989
1049,OQV11,2011-07-29,111.88,111.94,110.71,111.3,9,280
1050,OQV11,2011-08-01,113.83,114.15,109.56,111.2,1183,899
1051,OQV11,2011-08-02,110.39,112.3,109.56,110.55,1318,1664
1052,OQV11,2011-08-03,109.75,110.33,107.5,107.5,1645,2170
1053,OQV11,2011-08-04,107.59,107.99,102.2,102.2,1574,2805
1054,OQV11,2011-08-05,99.6,104.15,99.41,104.15,960,3274
1055,OQV11,2011-08-08,102.21,102.47,98.3,98.3,1133,3865
1056,OQV11,2011-08-09,98.93,101.4,95.49,97.15,900,4354
1057,OQV11,2011-08-10,100.82,102.46,98.72,102.46,1049,4942
1058,OQV11,2011-08-11,102.41,103.88,99.64,103.88,935,5420
1059,OQV11,2011-08-12,102.19,103.41,101.74,102.49,1453,6168
1060,OQV11,2011-08-15,103.24,105.14,102.24,105.14,1068,6702
1061,OQV11,2011-08-16,104.17,105.22,103.61,104.6,1134,7160
1062,OQV11,2011-08-17,105.14,107.49,104.53,106.15,1339,7736
1063,OQV11,2011-08-18,106.41,106.41,102.37,102.55,1470,8458
1064,OQV11,2011-08-19,102.06,105.2,100.83,104.35,1450,9398
1065,OQV11,2011-08-22,102.16,104.3,101.28,104.3,1301,10191
1066,OQV11,2011-08-23,105.0,105.78,103.79,105.6,1710,11127
1067,OQV11,2011-08-24,105.51,107.11,104.98,106.1,2574,10739
1068,OQV11,2011-08-25,107.23,107.54,105.56,106.85,1305,11482
1069,OQV11,2011-08-26,107.11,107.39,105.66,107.35,1082,12106
1070,OQV11,2011-08-29,107.21,108.0,106.99,108.0,1209,12700
1071,OQV11,2011-08-30,107.81,109.85,107.7,109.85,1142,13371
1072,OQX11,2011-08-31,109.65,110.75,109.15,110.11,89,452
1073,OQX11,2011-09-01,110.73,110.82,109.35,109.95,914,957
1074,OQX11,2011-09-02,109.47,109.6,107.58,108.05,941,1292
1075,OQX11,2011-09-06,107.02,108.5,105.75,108.5,2225,2605
1076,OQX11,2011-09-07,109.1,111.81,108.76,111.45,1218,2998
1077,OQX11,2011-09-08,111.69,112.07,110.4,110.45,1564,3614
1078,OQX11,2011-09-09,110.4,110.51,106.94,107.95,1414,4068
1079,OQX11,2011-09-12,107.21,108.07,105.12,106.8,1494,4709
1080,OQX11,2011-09-13,107.61,107.76,106.46,106.8,1661,5260
1081,OQX11,2011-09-14,106.22,107.35,105.54,106.85,1792,5489
1082,OQX11,2011-09-15,106.97,110.98,106.55,109.62,1789,5748
1083,OQX11,2011-09-16,110.17,110.59,108.24,108.95,1921,6305
1084,OQX11,2011-09-19,108.18,108.92,106.18,106.4,1419,6796
1085,OQX11,2011-09-20,105.92,108.82,105.92,107.63,1749,7473
1086,OQX11,2011-09-21,107.86,109.33,107.15,107.15,1657,8270
1087,OQX11,2011-09-22,105.78,105.91,102.64,102.75,1448,8867
1088,OQX11,2011-09-23,102.9,105.0,101.67,101.85,1426,9053
1089,OQX11,2011-09-26,101.45,103.44,99.8,102.15,1853,9834
1090,OQX11,2011-09-27,104.14,106.15,103.42,105.9,1435,10205
1091,OQX11,2011-09-28,105.47,105.99,102.5,102.5,1202,10531
1092,OQX11,2011-09-29,102.37,105.27,102.37,103.12,1152,11148
1093,OQX11,2011-09-30,104.48,107.1,103.27,105.6,603,0
1094,OQZ11,2011-10-03,97.89,99.06,97.6,97.85,1171,1285
1095,OQZ11,2011-10-04,97.55,98.24,96.4,96.55,1200,1934
1096,OQZ11,2011-10-05,98.49,99.5,97.3,99.5,1548,2817
1097,OQZ11,2011-10-06,99.7,102.47,98.45,102.32,1274,3386
1098,OQZ11,2011-10-07,102.13,102.63,101.31,102.45,1265,3846
1099,OQZ11,2011-10-10,102.4,104.45,101.76,104.45,982,4165
1100,OQZ11,2011-10-11,103.85,105.65,102.63,105.65,812,4540
1101,OQZ11,2011-10-12,105.63,106.61,104.81,106.25,1365,5142
1102,OQZ11,2011-10-13,105.62,106.36,104.49,105.95,1200,5511
1103,OQZ11,2011-10-14,106.51,109.41,106.42,109.0,1135,6073
1104,OQZ11,2011-10-17,109.3,110.71,107.25,107.25,1578,6786
1105,OQZ11,2011-10-18,107.75,109.43,106.35,108.9,1957,7811
1106,OQZ11,2011-10-19,109.24,110.02,108.15,108.32,1989,8566
1107,OQZ11,2011-10-20,107.1,108.42,106.01,108.05,1307,9141
1108,OQZ11,2011-10-21,108.19,109.76,107.38,107.58,1469,9704
1109,OQZ11,2011-10-24,108.37,109.15,107.56,109.15,1521,10233
1110,OQZ11,2011-10-25,109.15,109.68,106.75,108.25,1742,10715
1111,OQZ11,2011-10-26,108.86,109.09,106.32,106.4,1124,11112
1112,OQZ11,2011-10-27,107.51,108.91,106.45,108.5,1732,11213
1113,OQZ11,2011-10-28,108.4,108.51,104.42,104.9,412,11948
1114,OQF12,2011-10-31,105.79,107.07,105.79,106.11,149,182
1115,OQF12,2011-11-01,106.01,106.85,104.3,106.85,947,839
1116,OQF12,2011-11-02,106.19,108.17,106.19,106.7,1260,1606
1117,OQF12,2011-11-03,105.19,108.05,105.08,108.05,1030,2205
1118,OQF12,2011-11-04,107.94,109.05,107.86,109.05,1035,2803
1119,OQF12,2011-11-07,110.29,110.95,108.32,110.95,983,3420
1120,OQF12,2011-11-08,111.4,112.92,111.34,111.45,1179,3964
1121,OQF12,2011-11-09,112.35,112.51,109.55,109.55,1238,4634
1122,OQF12,2011-11-10,109.75,111.63,109.05,111.05,1579,5292
1123,OQF12,2011-11-11,111.25,112.21,111.02,111.75,1078,5798
1124,OQF12,2011-11-14,112.4,112.59,109.95,109.95,1413,6501
1125,OQF12,2011-11-15,111.29,111.9,110.86,111.45,1508,7039
1126,OQF12,2011-11-16,111.4,111.97,109.66,111.2,1260,7640
1127,OQF12,2011-11-17,110.64,111.4,108.0,108.0,1520,8232
1128,OQF12,2011-11-18,108.47,110.32,108.04,108.05,1224,8621
1129,OQF12,2011-11-21,108.24,108.38,106.8,107.6,1209,9219
1130,OQF12,2011-11-22,107.89,109.9,107.48,109.9,1461,9739
1131,OQF12,2011-11-23,108.36,109.03,107.29,107.75,1094,10330
1132,OQF12,2011-11-25,108.18,108.55,107.09,107.15,2006,11479
1133,OQF12,2011-11-28,107.55,109.05,107.48,109.05,1106,12290
1134,OQF12,2011-11-29,109.0,109.9,107.9,109.9,980,12642
1135,OQF12,2011-11-30,108.0,109.6,108.0,108.92,627,0
1136,OQG12,2011-12-01,109.66,110.1,108.85,108.97,1186,1199
1137,OQG12,2011-12-02,109.78,110.41,108.89,109.9,1683,2122
1138,OQG12,2011-12-05,110.64,111.33,110.01,111.1,1641,2768
1139,OQG12,2011-12-06,110.38,110.38,108.77,110.1,1627,3395
1140,OQG12,2011-12-07,110.65,110.65,108.81,108.9,1515,4178
1141,OQG12,2011-12-08,109.33,110.14,107.65,107.65,1448,4938
1142,OQG12,2011-12-09,107.5,108.47,106.99,108.28,1571,5781
1143,OQG12,2011-12-12,107.62,108.06,106.25,106.3,1557,6521
1144,OQG12,2011-12-13,106.62,109.1,106.42,107.85,1745,7347
1145,OQG12,2011-12-14,107.84,108.33,103.7,103.7,1948,7698
1146,OQG12,2011-12-15,104.11,105.45,103.27,103.27,1438,8389
1147,OQG12,2011-12-16,103.66,103.92,103.05,103.05,1737,8889
1148,OQG12,2011-12-19,102.04,103.6,101.93,102.5,1802,9740
1149,OQG12,2011-12-20,103.37,106.46,103.24,105.98,1296,10373
1150,OQG12,2011-12-21,106.51,107.5,106.51,107.15,1356,11064
1151,OQG12,2011-12-22,107.45,107.97,106.95,107.4,1564,11835
1152,OQG12,2011-12-23,108.06,108.13,107.17,107.75,1494,12628
1153,OQG12,2011-12-27,108.07,109.13,107.85,109.13,1079,13124
1154,OQG12,2011-12-28,109.41,109.83,106.45,107.5,1735,13796
1155,OQG12,2011-12-29,107.15,107.65,106.05,107.0,1078,14246
1156,OQG12,2011-12-30,107.49,107.49,105.04,106.32,545,0
1157,OQH12,2012-01-03,107.25,109.04,106.06,108.84,1009,1030
1158,OQH12,2012-01-04,110.55,111.12,108.98,110.7,1468,1967
1159,OQH12,2012-01-05,112.21,112.36,110.23,110.35,1293,2789
1160,OQH12,2012-01-06,110.0,111.7,110.0,111.4,1503,3784
1161,OQH12,2012-01-09,112.01,112.09,110.5,110.5,1307,4433
1162,OQH12,2012-01-10,111.67,112.3,111.37,111.9,1820,5319
1163,OQH12,2012-01-11,111.48,112.67,111.05,111.05,1651,6178
1164,OQH12,2012-01-12,111.99,113.88,109.7,110.15,1885,6695
1165,OQH12,2012-01-13,111.4,112.02,110.5,110.5,1963,7573
1166,OQH12,2012-01-17,111.35,112.6,110.39,111.25,3669,8757
1167,OQH12,2012-01-18,111.98,112.3,110.75,110.75,1592,9603
1168,OQH12,2012-01-19,111.33,111.51,110.64,111.2,2049,10316
1169,OQH12,2012-01-20,111.35,111.69,108.47,109.5,1705,10936
1170,OQH12,2012-01-23,108.66,110.36,108.62,110.0,1532,11362
1171,OQH12,2012-01-24,109.79,110.92,109.58,109.85,1603,12076
1172,OQH12,2012-01-25,110.04,110.81,109.27,109.95,2069,11779
1173,OQH12,2012-01-26,110.57,111.3,109.99,110.5,1512,12446
1174,OQH12,2012-01-27,110.34,110.4,108.4,109.1,1329,12705
1175,OQH12,2012-01-30,109.29,109.63,109.0,109.34,2211,12317
1176,OQJ12,2012-01-31,111.44,111.84,109.69,110.3,18,974
1177,OQJ12,2012-02-01,110.25,111.41,109.98,110.7,1280,1558
1178,OQJ12,2012-02-02,110.95,111.36,110.18,110.95,2266,2241
1179,OQJ12,2012-02-03,111.22,113.2,110.75,113.2,1980,3084
1180,OQJ12,2012-02-06,113.17,114.45,112.5,114.45,2250,3740
1181,OQJ12,2012-02-07,114.92,115.84,114.24,114.7,2520,4538
1182,OQJ12,2012-02-08,114.97,115.38,114.58,115.37,1943,5469
1183,OQJ12,2012-02-09,115.84,117.24,115.6,116.8,1834,6198
1184,OQJ12,2012-02-10,116.6,116.8,115.55,116.4,1811,6838
1185,OQJ12,2012-02-13,117.11,117.54,116.56,117.0,1945,7474
1186,OQJ12,2012-02-14,116.53,117.56,116.5,117.25,2409,8567
1187,OQJ12,2012-02-15,117.33,118.74,117.33,118.05,2197,9417
1188,OQJ12,2012-02-16,118.14,118.9,117.02,118.9,1875,9835
1189,OQJ12,2012-02-17,118.82,119.14,117.71,118.3,1842,10444
1190,OQJ12,2012-02-21,119.23,120.5,118.63,120.5,4172,11533
1191,OQJ12,2012-02-22,120.62,121.6,120.04,121.6,1609,12128
1192,OQJ12,2012-02-23,121.8,122.6,120.46,121.9,1623,12683
1193,OQJ12,2012-02-24,122.44,123.4,122.34,123.4,2253,12905
1194,OQJ12,2012-02-27,123.37,123.91,121.55,122.2,1951,13087
1195,OQJ12,2012-02-28,121.75,122.6,120.0,120.0,1348,13565
1196,OQJ12,2012-02-29,120.1,120.57,119.85,120.2,877,0
1197,OQK12,2012-03-01,120.36,123.2,120.18,123.2,1708,1097
1198,OQK12,2012-03-02,123.4,123.6,121.37,121.45,1574,1788
1199,OQK12,2012-03-05,121.71,122.61,120.93,121.75,1249,2401
1200,OQK12,2012-03-06,122.23,122.65,120.71,121.05,1253,2982
1201,OQK12,2012-03-07,121.57,122.75,121.16,122.75,1775,3648
1202,OQK12,2012-03-08,123.26,124.66,123.22,124.0,1588,4332
1203,OQK12,2012-03-09,124.22,125.05,123.68,124.5,1700,4864
1204,OQK12,2012-03-12,123.9,124.09,122.86,123.85,1662,5460
1205,OQK12,2012-03-13,124.44,125.03,123.65,124.65,1374,5914
1206,OQK12,2012-03-14,124.33,125.33,123.68,124.0,2027,6505
1207,OQK12,2012-03-15,124.02,124.14,121.63,122.15,1622,6899
1208,OQK12,2012-03-16,122.48,124.8,121.75,124.8,1495,6737
1209,OQK12,2012-03-19,124.75,124.96,123.94,124.6,1710,7651
1210,OQK12,2012-03-20,124.05,124.09,122.16,123.13,2418,7766
1211,OQK12,2012-03-21,123.38,123.68,122.87,123.16,1573,8168
1212,OQK12,2012-03-22,122.44,122.8,121.28,121.8,1451,8621
1213,OQK12,2012-03-23,122.4,125.24,122.11,123.45,1678,8994
1214,OQK12,2012-03-26,123.3,123.63,122.56,123.48,2715,9017
1215,OQK12,2012-03-27,123.34,123.86,122.55,123.16,1610,9448
1216,OQK12,2012-03-28,121.79,122.18,120.57,121.28,2264,10116
1217,OQK12,2012-03-29,120.77,121.95,119.9,119.9,2249,9320
1218,OQM12,2012-03-30,120.13,121.37,120.13,120.32,76,1015
1219,OQM12,2012-04-02,120.44,122.65,119.38,122.65,1403,1648
1220,OQM12,2012-04-03,122.4,123.31,122.04,122.45,1850,2276
1221,OQM12,2012-04-04,122.33,122.54,120.15,120.15,2036,3106
1222,OQM12,2012-04-05,120.81,120.99,119.12,120.6,1821,4012
1223,OQM12,2012-04-09,119.79,119.93,118.2,119.9,1565,4777
1224,OQM12,2012-04-10,119.44,119.48,117.02,117.02,2014,5473
1225,OQM12,2012-04-11,117.36,117.93,116.45,117.3,2052,6054
1226,OQM12,2012-04-12,117.95,118.77,116.6,118.75,1896,6602
1227,OQM12,2012-04-13,118.27,118.72,117.64,118.38,2724,7694
1228,OQM12,2012-04-16,116.6,116.96,114.63,115.08,2284,8447
1229,OQM12,2012-04-17,114.46,116.06,114.43,115.6,2188,9161
1230,OQM12,2012-04-18,115.93,115.93,114.09,114.95,1926,9822
1231,OQM12,2012-04-19,115.28,115.84,114.34,114.6,1797,10621
1232,OQM12,2012-04-20,114.74,115.71,114.55,115.0,1837,11326
1233,OQM12,2012-04-23,114.6,115.05,113.21,114.33,1741,12057
1234,OQM12,2012-04-24,114.52,115.03,114.21,114.25,3518,13080
1235,OQM12,2012-04-25,114.55,115.51,113.99,115.26,3061,13594
1236,OQM12,2012-04-26,115.43,116.48,115.22,116.48,2595,13350
1237,OQM12,2012-04-27,116.26,116.65,115.25,116.65,1394,0
1238,OQN12,2012-04-30,116.39,116.77,116.13,116.57,17,864
1239,OQN12,2012-05-01,116.57,116.86,115.85,116.67,1639,1505
1240,OQN12,2012-05-02,116.5,116.77,114.98,115.43,1328,1886
1241,OQN12,2012-05-03,115.32,115.58,113.53,113.53,1294,2373
1242,OQN12,2012-05-04,112.89,113.58,109.41,110.6,1601,3023
1243,OQN12,2012-05-07,109.69,109.7,108.54,109.65,1909,3787
1244,OQN12,2012-05-08,108.72,109.8,107.41,109.39,1279,4251
1245,OQN12,2012-05-09,108.8,109.55,107.96,109.55,1945,4535
1246,OQN12,2012-05-10,109.76,110.03,108.86,109.2,1966,5000
1247,OQN12,2012-05-11,108.32,108.91,107.91,108.52,1693,5630
1248,OQN12,2012-05-14,108.25,108.25,106.77,108.1,1939,6383
1249,OQN12,2012-05-15,108.46,108.73,107.65,108.35,2345,6917
1250,OQN12,2012-05-16,107.1,108.64,106.46,107.0,2348,7559
1251,OQN12,2012-05-17,106.65,107.48,104.43,105.1,2254,8342
1252,OQN12,2012-05-18,103.77,104.62,103.77,104.55,1758,9003
1253,OQN12,2012-05-21,104.85,106.06,104.33,105.8,1944,9538
1254,OQN12,2012-05-22,106.06,106.18,104.9,105.18,2730,10161
1255,OQN12,2012-05-23,104.7,104.7,102.6,102.6,2617,10768
1256,OQN12,2012-05-24,102.89,104.31,101.93,103.65,2688,11116
1257,OQN12,2012-05-25,104.15,104.23,103.36,103.9,1309,11897
1258,OQN12,2012-05-29,104.67,105.36,103.97,104.3,4036,13095
1259,OQN12,2012-05-30,103.9,104.15,101.9,101.9,1350,12772
1260,OQQ12,2012-05-31,101.28,101.92,99.24,99.52,167,1132
1261,OQQ12,2012-06-01,99.33,99.63,95.91,96.42,867,1332
1262,OQQ12,2012-06-04,95.0,96.75,93.79,96.75,896,1536
1263,OQQ12,2012-06-05,96.46,97.31,95.68,96.5,991,1688
1264,OQQ12,2012-06-06,97.18,98.66,97.01,98.1,2158,2153
1265,OQQ12,2012-06-07,97.86,99.93,97.11,97.6,1301,2799
1266,OQQ12,2012-06-08,95.67,97.68,95.29,97.55,1374,3408
1267,OQQ12,2012-06-11,99.75,99.75,94.85,96.05,984,3914
1268,OQQ12,2012-06-12,95.4,96.51,95.26,95.7,1136,4143
1269,OQQ12,2012-06-13,95.47,96.6,95.24,95.4,1290,4675
1270,OQQ12,2012-06-14,95.7,96.46,94.73,95.85,1423,5450
1271,OQQ12,2012-06-15,96.67,96.88,95.92,96.4,1358,5948
1272,OQQ12,2012-06-18,97.07,97.45,94.22,94.85,1592,6173
1273,OQQ12,2012-06-19,94.54,95.42,93.61,94.75,1407,6437
1274,OQQ12,2012-06-20,94.79,95.18,91.73,91.85,2073,6667
1275,OQQ12,2012-06-21,90.91,91.6,88.22,88.57,2400,7596
1276,OQQ12,2012-06-22,88.98,90.5,87.81,90.0,3029,8582
1277,OQQ12,2012-06-25,89.97,90.51,88.88,90.05,2305,9380
1278,OQQ12,2012-06-26,90.27,91.97,89.86,91.95,3863,8860
1279,OQQ12,2012-06-27,91.53,93.34,91.0,92.85,1984,9279
1280,OQQ12,2012-06-28,92.55,93.07,90.8,90.8,2172,9660
1281,OQU12,2012-06-29,91.61,96.16,91.61,96.16,109,893
1282,OQU12,2012-07-02,95.2,95.2,93.6,95.0,2371,1537
1283,OQU12,2012-07-03,95.66,98.88,95.1,98.35,2081,1905
1284,OQU12,2012-07-05,97.91,99.8,97.22,98.18,3059,2598
1285,OQU12,2012-07-06,97.51,98.08,96.3,96.3,1531,3007
1286,OQU12,2012-07-09,97.11,98.66,96.26,97.95,1126,3291
1287,OQU12,2012-07-10,96.52,96.97,96.06,96.14,1293,3794
1288,OQU12,2012-07-11,96.87,98.35,96.58,97.99,1244,4398
1289,OQU12,2012-07-12,97.49,98.5,96.31,98.5,1738,4990
1290,OQU12,2012-07-13,98.69,99.4,98.38,99.23,1403,5648
1291,OQU12,2012-07-16,99.07,100.86,98.96,100.86,1565,6443
1292,OQU12,2012-07-17,100.78,102.05,100.38,101.29,1336,7081
1293,OQU12,2012-07-18,101.12,102.56,100.84,102.56,1696,7771
1294,OQU12,2012-07-19,103.44,105.11,103.07,104.95,1715,8574
1295,OQU12,2012-07-20,104.55,104.99,102.64,103.86,1555,9106
1296,OQU12,2012-07-23,101.47,101.47,99.77,100.24,1586,9852
1297,OQU12,2012-07-24,100.5,101.04,99.56,100.27,1654,10517
1298,OQU12,2012-07-25,99.95,101.74,99.81,101.65,1582,11089
1299,OQU12,2012-07-26,101.16,103.33,100.97,102.65,2844,11043
1300,OQU12,2012-07-27,103.2,103.48,102.57,103.25,1920,11671
1301,OQU12,2012-07-30,103.37,103.41,101.5,103.05,2146,11139
1302,OQV12,2012-07-31,102.49,102.88,101.17,101.55,28,360
1303,OQV12,2012-08-01,101.37,102.46,101.21,102.15,1338,988
1304,OQV12,2012-08-02,102.22,102.94,101.0,101.55,1496,1466
1305,OQV12,2012-08-03,102.24,104.77,102.21,104.65,1208,2197
1306,OQV12,2012-08-06,104.69,105.73,104.23,105.68,1466,2908
1307,OQV12,2012-08-07,105.37,107.81,105.3,107.35,1393,3583
1308,OQV12,2012-08-08,107.07,108.56,106.55,107.6,1428,4272
1309,OQV12,2012-08-09,107.69,109.22,107.55,108.7,1171,4745
1310,OQV12,2012-08-10,108.59,108.8,107.26,108.55,1051,5421
1311,OQV12,2012-08-13,109.07,110.2,108.5,108.8,1313,5932
1312,OQV12,2012-08-14,109.17,109.7,109.0,109.05,1209,6465
1313,OQV12,2012-08-15,109.6,111.78,109.0,111.15,1506,7176
1314,OQV12,2012-08-16,111.27,112.24,110.91,112.2,1414,7914
1315,OQV12,2012-08-17,111.53,111.72,110.16,110.9,1592,8697
1316,OQV12,2012-08-20,111.46,111.83,110.18,111.0,1066,9286
1317,OQV12,2012-08-21,112.1,112.8,111.64,112.1,1547,9968
1318,OQV12,2012-08-22,111.88,112.81,111.42,112.75,2101,10242
1319,OQV12,2012-08-23,113.45,113.76,112.25,112.25,1428,10359
1320,OQV12,2012-08-24,111.98,112.42,111.01,111.1,1117,10731
1321,OQV12,2012-08-27,112.25,112.45,109.28,109.8,1648,10690
1322,OQV12,2012-08-28,110.45,110.73,110.34,110.4,1626,11042
1323,OQV12,2012-08-29,110.23,111.59,109.87,110.8,1493,11497
1324,OQV12,2012-08-30,111.76,111.92,110.95,110.95,885,11988
1325,OQV12,2012-08-31,111.28,111.35,110.41,111.08,509,0
1326,OQX12,2012-09-04,111.64,114.19,111.62,111.8,2683,1503
1327,OQX12,2012-09-05,111.7,112.03,110.82,111.15,1321,2210
1328,OQX12,2012-09-06,111.49,113.14,111.49,111.6,1450,3120
1329,OQX12,2012-09-07,111.69,112.5,111.03,112.5,1652,3829
1330,OQX12,2012-09-10,112.75,113.23,112.27,113.15,1225,4464
1331,OQX12,2012-09-11,113.15,113.34,112.7,113.34,1080,4791
1332,OQX12,2012-09-12,113.06,114.22,113.06,113.74,1194,5434
1333,OQX12,2012-09-13,113.63,114.6,113.44,114.28,1234,5956
1334,OQX12,2012-09-14,114.84,115.83,114.48,114.48,952,6479
1335,OQX12,2012-09-17,114.58,114.9,111.68,111.68,1154,7172
1336,OQX12,2012-09-18,111.58,112.18,110.15,110.15,2347,8141
1337,OQX12,2012-09-19,110.91,111.08,106.33,106.33,2036,9224
1338,OQX12,2012-09-20,105.78,107.65,105.17,107.65,1929,10153
1339,OQX12,2012-09-21,108.38,108.89,107.75,108.85,1651,10845
1340,OQX12,2012-09-24,108.25,108.31,106.79,107.5,1392,11291
1341,OQX12,2012-09-25,108.37,109.35,107.4,108.35,1179,11793
1342,OQX12,2012-09-26,107.89,108.06,107.03,107.85,929,12172
1343,OQX12,2012-09-27,108.04,110.0,107.72,110.0,1184,12136
1344,OQX12,2012-09-28,110.22,110.82,109.83,110.59,327,0
1345,OQZ12,2012-10-01,109.28,110.58,109.0,109.6,1347,767
1346,OQZ12,2012-10-02,109.6,109.83,108.93,109.15,1743,1302
1347,OQZ12,2012-10-03,108.34,108.4,105.68,105.68,1798,2111
1348,OQZ12,2012-10-04,106.33,109.7,106.07,109.7,2526,2928
1349,OQZ12,2012-10-05,109.69,109.84,107.36,108.75,2367,4007
1350,OQZ12,2012-10-08,108.06,108.79,107.39,108.41,1574,4752
1351,OQZ12,2012-10-09,109.09,110.7,108.53,110.7,1570,5536
1352,OQZ12,2012-10-10,110.66,110.89,109.74,110.2,1880,6102
1353,OQZ12,2012-10-11,110.87,111.85,110.74,111.79,2070,6687
1354,OQZ12,2012-10-12,111.24,111.64,110.34,110.75,2161,7166
1355,OQZ12,2012-10-15,110.85,111.15,109.4,111.15,2418,8127
1356,OQZ12,2012-10-16,111.22,111.66,110.69,111.12,2171,8936
1357,OQZ12,2012-10-17,110.0,111.44,110.0,110.37,2199,9708
1358,OQZ12,2012-10-18,110.54,110.92,109.25,109.5,2089,10322
1359,OQZ12,2012-10-19,109.59,110.55,107.7,107.7,2670,10816
1360,OQZ12,2012-10-22,107.78,108.76,107.03,107.25,2667,11140
1361,OQZ12,2012-10-23,107.31,107.64,106.1,106.68,2413,11529
1362,OQZ12,2012-10-24,107.26,107.95,106.28,106.95,1825,11912
1363,OQZ12,2012-10-25,107.55,108.72,106.99,107.5,1388,12425
1364,OQZ12,2012-10-26,106.71,107.53,105.74,106.47,1878,12887
1365,OQZ12,2012-10-29,107.27,107.3,105.81,106.35,1951,13094
1366,OQZ12,2012-10-30,106.85,106.87,105.26,106.45,1987,12714
1367,OQF13,2012-10-31,107.17,107.37,106.42,106.5,110,254
1368,OQF13,2012-11-01,106.49,107.1,106.3,106.7,1287,781
1369,OQF13,2012-11-02,106.58,106.95,104.04,104.17,1190,1236
1370,OQF13,2012-11-05,104.41,105.5,103.03,105.5,1994,1958
1371,OQF13,2012-11-06,105.59,108.85,104.85,108.47,2271,2689
1372,OQF13,2012-11-07,108.42,109.04,104.8,104.8,1901,3494
1373,OQF13,2012-11-08,105.12,105.44,104.09,105.0,1907,4015
1374,OQF13,2012-11-09,104.5,107.1,104.07,106.95,1540,4478
1375,OQF13,2012-11-12,106.94,107.7,106.03,106.6,1978,5153
1376,OQF13,2012-11-13,106.04,106.25,105.29,105.9,2265,5943
1377,OQF13,2012-11-14,105.86,107.27,105.44,106.7,2299,6763
1378,OQF13,2012-11-15,107.04,108.0,106.35,106.8,3235,8430
1379,OQF13,2012-11-16,107.0,107.93,106.72,107.75,3025,9649
1380,OQF13,2012-11-19,108.47,110.49,107.96,110.26,1865,10363
1381,OQF13,2012-11-20,110.15,110.22,107.58,108.32,2312,11355
1382,OQF13,2012-11-21,108.33,109.73,108.07,109.3,1940,12425
1383,OQF13,2012-11-23,109.21,109.71,108.36,109.35,4585,13554
1384,OQF13,2012-11-26,109.36,109.54,108.59,109.17,2289,14211
1385,OQF13,2012-11-27,109.38,109.61,107.24,107.79,1652,14839
1386,OQF13,2012-11-28,108.01,108.01,106.13,106.92,2482,15106
1387,OQF13,2012-11-29,107.25,107.78,106.2,107.78,3728,14726
1388,OQG13,2012-11-30,107.62,108.24,107.39,108.21,18,241
1389,OQG13,2012-12-03,108.46,109.24,107.98,108.02,1761,1063
1390,OQG13,2012-12-04,107.85,108.15,106.95,107.3,1729,1913
1391,OQG13,2012-12-05,107.27,107.7,105.93,106.14,1981,2849
1392,OQG13,2012-12-06,106.12,106.44,104.31,104.6,1977,3795
1393,OQG13,2012-12-07,104.9,105.01,103.67,103.9,2184,4503
1394,OQG13,2012-12-10,104.58,105.33,104.18,104.18,1590,5231
1395,OQG13,2012-12-11,104.37,104.79,103.84,104.4,1917,6121
1396,OQG13,2012-12-12,104.66,106.23,104.61,105.48,2111,7173
1397,OQG13,2012-12-13,105.3,105.72,104.14,104.15,1548,7996
1398,OQG13,2012-12-14,104.63,105.87,104.63,105.85,1438,8558
1399,OQG13,2012-12-17,106.03,106.06,105.2,105.2,2244,9967
1400,OQG13,2012-12-18,105.87,106.41,105.42,106.32,2568,10949
1401,OQG13,2012-12-19,106.32,107.5,106.01,107.5,1551,11565
1402,OQG13,2012-12-20,107.0,107.0,106.36,107.0,2489,12274
1403,OQG13,2012-12-21,106.72,106.74,105.76,106.05,3538,12232
1404,OQG13,2012-12-24,105.73,105.81,105.5,105.73,1244,13032
1405,OQG13,2012-12-26,106.19,108.33,106.19,107.8,1945,13383
1406,OQG13,2012-12-27,108.05,108.21,106.8,107.0,3125,13678
1407,OQG13,2012-12-28,107.09,107.7,106.85,106.9,1413,13705
1408,OQH13,2012-12-31,106.95,106.95,105.48,106.95,0,253
1409,OQH13,2013-01-02,107.14,108.3,106.8,108.21,1266,978
1410,OQH13,2013-01-03,107.81,108.15,107.52,108.15,1674,1954
1411,OQH13,2013-01-04,107.53,107.55,106.23,107.1,2056,2773
1412,OQH13,2013-01-07,107.09,107.37,106.42,107.27,1909,3617
1413,OQH13,2013-01-08,107.32,108.07,107.12,107.8,2001,4520
1414,OQH13,2013-01-09,108.11,108.11,107.08,107.55,1955,5534
1415,OQH13,2013-01-10,107.86,108.91,107.81,108.0,3122,7001
1416,OQH13,2013-01-11,107.81,107.93,106.22,107.27,2004,7818
1417,OQH13,2013-01-14,107.31,107.9,106.4,107.9,2213,9156
1418,OQH13,2013-01-15,107.41,107.79,106.05,106.05,2460,10380
1419,OQH13,2013-01-16,106.48,106.91,106.25,106.31,2005,10969
1420,OQH13,2013-01-17,106.54,107.67,106.32,107.65,2153,11771
1421,OQH13,2013-01-18,107.77,108.18,106.88,108.18,2759,12488
1422,OQH13,2013-01-22,107.88,108.35,107.26,108.0,5965,13603
1423,OQH13,2013-01-23,107.88,108.43,107.78,108.3,3251,14191
1424,OQH13,2013-01-24,108.36,108.72,107.97,108.7,1910,14524
1425,OQH13,2013-01-25,108.69,109.62,108.48,108.78,3175,14413
1426,OQH13,2013-01-28,109.0,109.0,108.56,108.95,3727,14565
1427,OQH13,2013-01-29,109.17,109.26,107.79,109.1,2443,14088
1428,OQH13,2013-01-30,108.83,109.68,108.81,109.43,2035,15342
1429,OQJ13,2013-01-31,109.78,110.88,109.77,110.55,361,1498
1430,OQJ13,2013-02-01,110.85,111.36,110.35,111.25,1908,1770
1431,OQJ13,2013-02-04,111.36,111.62,110.6,110.6,1729,2711
1432,OQJ13,2013-02-05,110.05,111.77,110.05,111.45,2982,4439
1433,OQJ13,2013-02-06,111.35,111.93,110.95,111.75,3091,5498
1434,OQJ13,2013-02-07,111.86,112.72,111.86,112.17,3278,6725
1435,OQJ13,2013-02-08,112.58,113.53,112.16,113.4,2147,7627
1436,OQJ13,2013-02-11,113.19,113.2,112.24,112.55,1370,8325
1437,OQJ13,2013-02-12,112.52,113.38,112.44,113.05,2257,9045
1438,OQJ13,2013-02-13,113.4,113.58,112.93,113.1,2278,9830
1439,OQJ13,2013-02-14,113.37,113.77,112.86,113.77,3140,11389
1440,OQJ13,2013-02-15,113.33,113.52,112.2,113.27,2503,12609
1441,OQJ13,2013-02-19,113.08,113.3,111.34,112.2,4075,14213
1442,OQJ13,2013-02-20,112.0,112.49,110.11,110.5,3293,14886
1443,OQJ13,2013-02-21,109.8,110.04,108.64,108.68,2858,15025
1444,OQJ13,2013-02-22,109.33,109.79,109.1,109.1,4120,14517
1445,OQJ13,2013-02-25,109.58,110.77,109.07,109.63,3326,14554
1446,OQJ13,2013-02-26,109.15,109.15,107.9,107.93,2014,15583
1447,OQJ13,2013-02-27,108.32,108.85,107.4,107.4,5172,15744
1448,OQJ13,2013-02-28,107.44,107.45,105.75,106.98,1174,0
1449,OQK13,2013-03-01,105.63,105.88,104.38,104.69,1918,1565
1450,OQK13,2013-03-04,104.87,105.1,103.94,104.29,2537,2284
1451,OQK13,2013-03-05,105.12,106.63,105.02,106.5,2810,3573
1452,OQK13,2013-03-06,106.64,107.03,105.67,106.12,2911,4674
1453,OQK13,2013-03-07,105.95,106.62,105.82,106.62,2312,5309
1454,OQK13,2013-03-08,106.48,106.9,105.19,106.9,2590,6343
1455,OQK13,2013-03-11,106.61,106.73,105.75,106.18,2562,7331
1456,OQK13,2013-03-12,105.78,106.78,105.4,105.46,1731,8101
1457,OQK13,2013-03-13,105.3,105.66,103.79,104.34,2498,8963
1458,OQK13,2013-03-14,104.33,105.0,104.02,105.0,2571,9873
1459,OQK13,2013-03-15,105.35,106.02,104.85,105.6,2377,10808
1460,OQK13,2013-03-18,104.57,105.55,104.05,105.55,1850,11444
1461,OQK13,2013-03-19,105.64,105.91,104.15,104.15,2616,12099
1462,OQK13,2013-03-20,104.86,105.57,104.46,105.57,2702,12021
1463,OQK13,2013-03-21,105.39,105.42,104.0,104.35,2272,12527
1464,OQK13,2013-03-22,104.28,104.98,104.01,104.54,2618,13332
1465,OQK13,2013-03-25,105.11,105.92,104.4,105.3,3689,14654
1466,OQK13,2013-03-26,104.89,106.65,104.83,106.65,3797,15974
1467,OQK13,2013-03-27,106.39,106.88,106.08,106.88,3112,15848
1468,OQM13,2013-03-28,107.04,107.46,106.39,107.4,125,3134
1469,OQM13,2013-04-01,107.12,108.4,106.92,108.4,1346,3583
1470,OQM13,2013-04-02,108.22,108.87,107.62,108.33,2154,4496
1471,OQM13,2013-04-03,107.72,107.93,104.65,104.9,2696,4958
1472,OQM13,2013-04-04,104.74,105.68,103.15,103.95,1899,5553
1473,OQM13,2013-04-05,104.57,104.58,101.45,101.72,2111,6212
1474,OQM13,2013-04-08,101.66,103.54,101.66,102.8,2162,6796
1475,OQM13,2013-04-09,103.2,103.79,102.25,103.55,1872,7581
1476,OQM13,2013-04-10,103.78,103.96,102.73,103.0,2098,8532
1477,OQM13,2013-04-11,102.89,103.53,101.69,102.05,1773,9155
1478,OQM13,2013-04-12,101.68,102.12,99.36,100.48,2158,9777
1479,OQM13,2013-04-15,100.44,100.45,97.9,98.72,1532,10373
1480,OQM13,2013-04-16,97.9,98.83,97.4,98.45,1854,11027
1481,OQM13,2013-04-17,98.53,98.77,96.26,96.62,3253,12542
1482,OQM13,2013-04-18,96.5,98.14,96.41,97.68,3059,12865
1483,OQM13,2013-04-19,98.29,98.99,98.19,98.3,1849,13411
1484,OQM13,2013-04-22,98.38,99.81,98.12,99.28,2513,14261
1485,OQM13,2013-04-23,98.47,99.92,98.12,99.58,2389,14964
1486,OQM13,2013-04-24,99.77,100.74,99.66,100.72,2579,15363
1487,OQM13,2013-04-25,100.99,101.58,99.56,101.58,2474,16121
1488,OQM13,2013-04-26,101.49,101.66,101.24,101.36,2726,16092
1489,OQM13,2013-04-29,101.29,102.0,101.28,102.0,1811,16453
1490,OQN13,2013-04-30,101.46,101.49,99.76,100.08,5,2304
1491,OQN13,2013-05-01,99.18,99.92,96.65,97.6,1567,3013
1492,OQN13,2013-05-02,97.46,100.25,97.33,100.25,2007,3833
1493,OQN13,2013-05-03,100.23,102.64,100.18,102.02,1622,4732
1494,OQN13,2013-05-06,102.75,103.12,101.36,103.12,2167,5776
1495,OQN13,2013-05-07,102.55,102.92,101.43,101.72,2339,6538
1496,OQN13,2013-05-08,101.61,102.21,101.08,101.58,1699,7227
1497,OQN13,2013-05-09,101.51,102.0,101.05,101.9,1479,7915
1498,OQN13,2013-05-10,101.68,101.68,99.41,101.43,1664,8509
1499,OQN13,2013-05-13,101.0,101.0,99.77,100.13,2174,9409
1500,OQN13,2013-05-14,100.16,100.42,99.53,100.05,2836,9958
1501,OQN13,2013-05-15,99.94,100.73,98.24,100.7,2381,10041
1502,OQN13,2013-05-16,100.62,101.47,100.01,101.08,1901,10630
1503,OQN13,2013-05-17,100.82,102.11,100.72,102.05,1865,11186
1504,OQN13,2013-05-20,101.86,102.85,101.44,102.35,1945,11656
1505,OQN13,2013-05-21,102.5,102.6,100.94,101.15,2858,12611
1506,OQN13,2013-05-22,100.75,101.33,99.76,100.03,1997,13181
1507,OQN13,2013-05-23,99.8,99.8,98.4,99.73,3974,14425
1508,OQN13,2013-05-24,99.85,100.32,99.39,100.32,2616,15491
1509,OQN13,2013-05-28,99.79,101.21,99.56,100.81,4668,17018
1510,OQN13,2013-05-29,100.7,100.84,99.4,99.7,2416,17487
1511,OQN13,2013-05-30,99.61,99.8,98.86,99.68,2234,17171
1512,OQQ13,2013-05-31,99.08,99.54,97.89,98.0,19,1252
1513,OQQ13,2013-06-03,97.69,99.2,97.09,98.95,2268,1913
1514,OQQ13,2013-06-04,98.7,100.32,98.42,100.05,2176,2830
1515,OQQ13,2013-06-05,100.21,100.63,99.49,99.6,2832,3944
1516,OQQ13,2013-06-06,99.71,100.72,99.69,100.2,3352,5142
1517,OQQ13,2013-06-07,100.62,101.63,99.6,101.15,2482,5986
1518,OQQ13,2013-06-10,101.19,101.23,100.35,100.8,3161,6968
1519,OQQ13,2013-06-11,100.65,100.65,98.8,100.05,3295,8233
1520,OQQ13,2013-06-12,99.8,100.87,99.34,100.37,2747,9324
1521,OQQ13,2013-06-13,99.89,101.82,99.79,101.82,2835,10458
1522,OQQ13,2013-06-14,101.7,103.62,101.51,103.11,2604,11014
1523,OQQ13,2013-06-17,102.84,103.62,102.48,102.48,3105,12062
1524,OQQ13,2013-06-18,102.58,103.19,102.1,103.19,3491,13186
1525,OQQ13,2013-06-19,103.06,103.63,102.82,103.15,4798,14328
1526,OQQ13,2013-06-20,102.3,102.31,99.1,99.24,4118,15121
1527,OQQ13,2013-06-21,99.65,100.18,97.28,97.99,4091,16009
1528,OQQ13,2013-06-24,97.45,98.56,96.81,98.22,3534,16568
1529,OQQ13,2013-06-25,98.18,99.39,98.09,98.6,2954,16781
1530,OQQ13,2013-06-26,98.7,99.08,97.96,98.93,3740,17066
1531,OQQ13,2013-06-27,99.49,99.95,99.12,99.95,3033,17483
1532,OQU13,2013-06-28,99.61,100.16,98.85,98.85,62,246
1533,OQU13,2013-07-01,99.21,100.3,98.6,99.72,2758,1360
1534,OQU13,2013-07-02,100.02,100.46,99.35,100.42,3485,3108
1535,OQU13,2013-07-03,100.98,102.17,100.98,102.17,2800,3703
1536,OQU13,2013-07-05,101.71,103.6,101.0,103.6,5942,5320
1537,OQU13,2013-07-08,103.3,103.72,102.74,103.36,4740,6509
1538,OQU13,2013-07-09,103.17,103.52,102.65,103.48,5673,7311
1539,OQU13,2013-07-10,103.52,104.09,103.32,103.84,2011,7755
1540,OQU13,2013-07-11,104.15,104.24,103.06,103.42,2840,8528
1541,OQU13,2013-07-12,103.42,104.46,103.2,104.35,5173,10308
1542,OQU13,2013-07-15,104.18,104.42,104.05,104.4,3919,11072
1543,OQU13,2013-07-16,104.23,104.89,104.23,104.48,3465,11650
1544,OQU13,2013-07-17,104.28,105.02,103.79,104.93,4161,12357
1545,OQU13,2013-07-18,104.95,105.2,104.54,105.2,2759,12584
1546,OQU13,2013-07-19,105.22,105.84,103.95,105.05,3078,12554
1547,OQU13,2013-07-22,105.1,105.78,105.04,105.5,4056,12792
1548,OQU13,2013-07-23,105.32,105.64,104.79,105.55,3141,13461
1549,OQU13,2013-07-24,105.29,105.31,103.91,104.4,3276,14286
1550,OQU13,2013-07-25,104.0,105.35,103.83,105.1,3218,14921
1551,OQU13,2013-07-26,104.99,105.83,104.06,105.12,3754,15101
1552,OQU13,2013-07-29,105.42,105.68,104.85,105.45,1665,16081
1553,OQU13,2013-07-30,105.05,106.19,104.75,104.95,2444,15844
1554,OQV13,2013-07-31,103.61,104.4,102.65,104.4,204,454
1555,OQV13,2013-08-01,104.62,105.73,104.23,105.73,1528,1329
1556,OQV13,2013-08-02,105.85,105.96,104.93,105.2,2148,2243
1557,OQV13,2013-08-05,105.63,105.84,104.22,105.1,1689,3013
1558,OQV13,2013-08-06,104.75,105.34,104.21,104.21,1999,3783
1559,OQV13,2013-08-07,104.27,104.27,103.54,103.61,2327,4676
1560,OQV13,2013-08-08,103.77,103.77,102.28,102.93,2527,5892
1561,OQV13,2013-08-09,103.18,104.48,102.97,104.48,1306,6500
1562,OQV13,2013-08-12,104.02,105.47,103.96,105.47,1696,7052
1563,OQV13,2013-08-13,105.77,106.05,105.49,105.88,2095,7697
1564,OQV13,2013-08-14,105.6,106.21,105.33,106.16,2009,8122
1565,OQV13,2013-08-15,106.21,107.51,106.21,107.0,3510,9400
1566,OQV13,2013-08-16,106.9,107.5,106.75,107.41,3730,10470
1567,OQV13,2013-08-19,107.66,107.85,106.86,107.1,2633,10830
1568,OQV13,2013-08-20,106.48,108.08,106.47,107.47,2794,11136
1569,OQV13,2013-08-21,107.07,107.54,106.9,107.45,1864,12008
1570,OQV13,2013-08-22,107.47,107.73,107.4,107.65,2974,13049
1571,OQV13,2013-08-23,107.6,109.13,107.45,109.11,2620,13840
1572,OQV13,2013-08-26,109.24,109.24,108.02,108.15,1621,14707
1573,OQV13,2013-08-27,108.61,110.85,107.3,110.55,2513,15056
1574,OQV13,2013-08-28,112.03,113.78,111.75,113.78,2764,15567
1575,OQV13,2013-08-29,113.03,117.29,113.0,114.0,1128,16383
1576,OQV13,2013-08-30,113.0,114.25,109.8,110.96,670,0
1577,OQX13,2013-09-03,108.41,111.1,108.41,111.1,4023,2029
1578,OQX13,2013-09-04,111.02,111.11,109.71,110.05,2141,3063
1579,OQX13,2013-09-05,110.53,110.78,109.89,110.48,2473,4219
1580,OQX13,2013-09-06,110.26,111.18,110.26,111.0,3978,6075
1581,OQX13,2013-09-09,110.93,111.13,109.56,109.75,2224,7330
1582,OQX13,2013-09-10,108.9,109.7,107.75,108.54,2223,8554
1583,OQX13,2013-09-11,108.18,110.71,108.04,109.28,2193,9717
1584,OQX13,2013-09-12,109.35,110.24,109.05,110.12,1720,10480
1585,OQX13,2013-09-13,110.14,110.48,109.0,109.55,2216,11286
1586,OQX13,2013-09-16,109.32,109.45,107.13,108.42,2299,12158
1587,OQX13,2013-09-17,108.11,108.25,106.27,106.82,5035,13452
1588,OQX13,2013-09-18,106.82,108.8,106.5,108.8,2588,14431
1589,OQX13,2013-09-19,109.19,109.21,107.05,107.05,2097,15067
1590,OQX13,2013-09-20,107.23,108.04,107.1,107.7,3202,15488
1591,OQX13,2013-09-23,107.35,107.42,106.04,106.4,2850,16486
1592,OQX13,2013-09-24,106.02,106.31,105.68,106.14,3189,17351
1593,OQX13,2013-09-25,106.7,107.21,105.68,105.68,2840,17522
1594,OQX13,2013-09-26,105.47,106.61,105.47,106.37,3964,17673
1595,OQX13,2013-09-27,106.3,106.69,106.08,106.08,1952,18467
1596,OQZ13,2013-09-30,104.37,105.34,104.32,105.34,74,358
1597,OQZ13,2013-10-01,104.77,105.27,104.42,105.25,1524,1043
1598,OQZ13,2013-10-02,104.92,105.85,104.7,105.85,1856,1468
1599,OQZ13,2013-10-03,105.68,106.59,105.63,105.8,1744,2167
1600,OQZ13,2013-10-04,105.68,106.49,105.68,106.25,2313,2696
1601,OQZ13,2013-10-07,105.37,106.47,104.95,106.1,1712,2990
1602,OQZ13,2013-10-08,106.57,107.21,106.39,106.67,2957,4198
1603,OQZ13,2013-10-09,106.82,107.06,105.64,106.25,2107,4812
1604,OQZ13,2013-10-10,106.62,108.28,106.46,108.17,1981,5307
1605,OQZ13,2013-10-11,108.17,108.43,107.58,108.02,2172,5858
1606,OQZ13,2013-10-14,108.1,108.1,106.92,107.89,2434,6841
1607,OQZ13,2013-10-15,108.03,108.03,106.97,107.33,2428,7415
1608,OQZ13,2013-10-16,107.0,108.41,106.75,108.31,2330,8399
1609,OQZ13,2013-10-17,107.67,107.67,106.6,106.78,2688,9760
1610,OQZ13,2013-10-18,106.83,107.48,106.61,107.48,2825,10819
1611,OQZ13,2013-10-21,107.25,107.46,106.98,107.34,2438,11330
1612,OQZ13,2013-10-22,107.25,108.56,107.18,107.81,2551,11705
1613,OQZ13,2013-10-23,107.45,108.15,106.51,106.73,2994,12797
1614,OQZ13,2013-10-24,106.52,106.91,105.9,105.9,1884,13627
1615,OQZ13,2013-10-25,105.45,106.05,105.34,106.05,4013,13335
1616,OQZ13,2013-10-28,105.9,106.97,105.66,106.97,1264,13520
1617,OQZ13,2013-10-29,107.0,107.0,105.93,105.93,2174,13493
1618,OQZ13,2013-10-30,106.66,107.63,106.6,107.0,3830,13502
1619,OQF14,2013-10-31,107.2,107.38,106.8,106.8,56,589
1620,OQF14,2013-11-01,106.85,107.6,105.01,105.33,2185,1378
1621,OQF14,2013-11-04,105.25,105.61,104.39,105.2,2157,2143
1622,OQF14,2013-11-05,105.17,105.19,103.92,103.92,4540,4169
1623,OQF14,2013-11-06,104.5,104.72,103.95,103.95,3433,5107
1624,OQF14,2013-11-07,103.92,104.1,102.47,102.5,3407,6364
1625,OQF14,2013-11-08,102.4,103.64,102.28,103.64,4533,7534
1626,OQF14,2013-11-11,104.15,104.46,103.43,104.46,3439,9273
1627,OQF14,2013-11-12,104.38,105.21,103.77,104.1,3137,9842
1628,OQF14,2013-11-13,104.53,105.21,104.18,105.1,3771,10597
1629,OQF14,2013-11-14,105.13,106.49,105.05,106.1,3460,11312
1630,OQF14,2013-11-15,106.24,106.81,106.15,106.7,2724,11850
1631,OQF14,2013-11-18,106.14,106.38,106.0,106.25,2500,12798
1632,OQF14,2013-11-19,106.11,106.4,105.25,105.25,3701,13617
1633,OQF14,2013-11-20,105.32,105.92,104.96,105.77,4705,14430
1634,OQF14,2013-11-21,105.73,107.57,105.69,107.4,2896,15101
1635,OQF14,2013-11-22,107.51,108.76,107.45,108.55,4957,15119
1636,OQF14,2013-11-25,106.19,109.05,106.13,108.6,3780,16127
1637,OQF14,2013-11-26,108.77,109.15,108.38,108.76,4338,16022
1638,OQF14,2013-11-27,108.9,109.5,108.6,109.3,2920,15934
1639,OQG14,2013-11-29,108.08,108.15,107.07,107.1,347,2654
1640,OQG14,2013-12-02,107.07,108.44,106.57,107.8,2778,2997
1641,OQG14,2013-12-03,107.99,108.75,107.67,108.55,3777,3609
1642,OQG14,2013-12-04,109.19,109.2,107.94,108.2,3739,4763
1643,OQG14,2013-12-05,108.03,108.67,107.75,107.75,4241,5230
1644,OQG14,2013-12-06,108.18,108.34,107.9,108.22,3711,5308
1645,OQG14,2013-12-09,108.48,108.78,107.28,107.39,2964,6127
1646,OQG14,2013-12-10,107.28,107.68,106.7,107.32,2618,6887
1647,OQG14,2013-12-11,107.02,107.6,106.56,107.6,2540,7343
1648,OQG14,2013-12-12,107.47,107.74,106.47,106.52,2535,8413
1649,OQG14,2013-12-13,106.24,106.48,105.87,106.48,2929,9344
1650,OQG14,2013-12-16,106.9,107.81,106.44,107.0,2817,10395
1651,OQG14,2013-12-17,106.96,106.99,106.11,106.12,2496,10898
1652,OQG14,2013-12-18,106.51,107.21,105.6,107.05,3991,11673
1653,OQG14,2013-12-19,106.86,107.63,106.78,107.53,3959,11903
1654,OQG14,2013-12-20,107.36,108.43,107.3,108.4,1891,12709
1655,OQG14,2013-12-23,108.5,109.21,108.28,109.0,1461,13611
1656,OQG14,2013-12-24,108.84,109.5,108.84,109.5,1495,14324
1657,OQG14,2013-12-26,109.45,109.73,108.88,109.0,2093,14713
1658,OQG14,2013-12-27,108.83,109.21,108.35,109.2,2816,14286
1659,OQG14,2013-12-30,109.39,109.46,108.47,109.06,2738,13140
1660,OQH14,2013-12-31,107.93,107.93,107.29,107.63,18,1273
1661,OQH14,2014-01-02,107.98,108.06,105.48,105.57,1898,2246
1662,OQH14,2014-01-03,105.6,105.6,104.24,105.57,2263,3280
1663,OQH14,2014-01-06,104.01,104.7,103.64,103.66,2382,4011
1664,OQH14,2014-01-07,104.1,104.39,103.62,103.84,2588,4835
1665,OQH14,2014-01-08,104.02,104.6,103.77,103.85,3534,5510
1666,OQH14,2014-01-09,103.99,104.68,103.43,103.74,3311,6633
1667,OQH14,2014-01-10,103.81,104.07,103.16,103.95,3157,7641
1668,OQH14,2014-01-13,103.75,103.75,103.08,103.08,3118,8117
1669,OQH14,2014-01-14,103.08,103.36,102.63,102.65,4324,9089
1670,OQH14,2014-01-15,102.53,103.3,102.3,103.25,3479,9702
1671,OQH14,2014-01-16,103.02,103.14,102.6,102.6,3687,10210
1672,OQH14,2014-01-17,102.5,103.67,102.5,103.32,3618,10582
1673,OQH14,2014-01-21,103.31,104.52,102.93,103.35,8309,12130
1674,OQH14,2014-01-22,103.88,104.73,103.77,104.64,4879,12802
1675,OQH14,2014-01-23,104.45,104.92,104.2,104.2,4703,13636
1676,OQH14,2014-01-24,104.36,104.84,103.42,104.72,6960,13080
1677,OQH14,2014-01-27,104.26,104.58,103.68,103.69,6238,13584
1678,OQH14,2014-01-28,103.73,104.35,103.73,104.32,5903,13431
1679,OQH14,2014-01-29,104.2,104.38,103.26,104.1,5212,12408
1680,OQH14,2014-01-30,104.25,104.25,103.4,103.61,902,12729
1681,OQJ14,2014-01-31,103.43,103.43,102.55,102.55,11,725
1682,OQJ14,2014-02-03,102.65,102.69,102.09,102.14,3219,2334
1683,OQJ14,2014-02-04,102.0,102.35,101.8,102.0,3343,2877
1684,OQJ14,2014-02-05,102.45,102.62,102.1,102.57,5012,4165
1685,OQJ14,2014-02-06,102.57,103.6,102.44,103.4,4971,4992
1686,OQJ14,2014-02-07,103.5,105.26,103.3,105.14,5368,6483
1687,OQJ14,2014-02-10,105.37,105.43,104.58,104.58,4699,7277
1688,OQJ14,2014-02-11,104.91,105.22,104.85,104.85,6150,8917
1689,OQJ14,2014-02-12,104.98,105.69,104.98,105.15,7155,9427
1690,OQJ14,2014-02-13,104.95,105.66,104.79,105.55,6488,10436
1691,OQJ14,2014-02-14,105.64,106.33,105.32,106.22,5503,11716
1692,OQJ14,2014-02-18,106.31,107.3,105.93,107.3,11625,13900
1693,OQJ14,2014-02-19,107.12,107.5,106.73,107.25,7233,14511
1694,OQJ14,2014-02-20,106.67,107.0,106.67,107.0,6273,15404
1695,OQJ14,2014-02-21,106.92,106.96,106.05,106.38,7021,17108
1696,OQJ14,2014-02-24,106.6,107.06,106.07,107.0,8601,17762
1697,OQJ14,2014-02-25,106.6,106.7,106.0,106.0,7238,17723
1698,OQJ14,2014-02-26,105.83,106.02,105.83,106.02,9708,18098
1699,OQJ14,2014-02-27,105.78,105.85,105.4,105.55,5082,19058
1700,OQJ14,2014-02-28,105.3,105.4,103.84,105.27,5082,19058
1701,OQK14,2014-03-03,107.01,108.36,106.78,107.45,5143,2604
1702,OQK14,2014-03-04,106.59,106.84,105.54,105.55,5888,3888
1703,OQK14,2014-03-05,105.55,105.55,104.2,104.2,5670,4726
1704,OQK14,2014-03-06,104.29,104.37,103.83,104.3,6269,6224
1705,OQK14,2014-03-07,104.55,105.2,104.15,105.15,5094,7174
1706,OQK14,2014-03-10,104.32,104.35,104.01,104.07,4329,7785
1707,OQK14,2014-03-11,104.21,104.48,103.92,104.36,5389,8051
1708,OQK14,2014-03-12,103.88,104.22,103.65,103.88,5480,8820
1709,OQK14,2014-03-13,104.19,104.27,103.33,103.79,7766,9101
1710,OQK14,2014-03-14,103.69,105.12,103.69,105.0,7904,10845
1711,OQK14,2014-03-17,104.61,104.69,103.23,103.27,5572,11914
1712,OQK14,2014-03-18,103.37,103.81,102.97,103.81,5774,12241
1713,OQK14,2014-03-19,103.62,103.62,102.93,102.93,4619,13409
1714,OQK14,2014-03-20,103.0,103.58,102.71,103.58,5596,14371
1715,OQK14,2014-03-21,103.63,104.51,103.63,103.75,4805,15861
1716,OQK14,2014-03-24,103.65,104.43,103.45,103.8,5291,17882
1717,OQK14,2014-03-25,103.71,104.49,103.71,104.1,7064,19383
1718,OQK14,2014-03-26,104.26,104.45,103.64,104.05,6580,18988
1719,OQK14,2014-03-27,104.15,104.95,104.02,104.85,7486,18663
1720,OQK14,2014-03-28,105.01,105.27,104.29,104.6,5068,18715
1721,OQM14,2014-03-31,104.59,104.96,104.47,104.52,132,514
1722,OQM14,2014-04-01,104.25,104.41,102.29,102.37,7629,2480
1723,OQM14,2014-04-02,102.38,102.62,101.27,101.95,4676,3247
1724,OQM14,2014-04-03,101.85,103.04,101.5,103.01,4962,4597
1725,OQM14,2014-04-04,103.21,103.58,103.18,103.4,4188,5863
1726,OQM14,2014-04-07,102.75,103.37,102.3,102.75,3735,6574
1727,OQM14,2014-04-08,103.3,104.43,103.02,104.3,4597,7622
1728,OQM14,2014-04-09,103.93,104.83,103.85,104.8,3903,8849
1729,OQM14,2014-04-10,104.68,104.88,104.48,104.55,4743,9685
1730,OQM14,2014-04-11,104.21,104.87,104.04,104.4,6069,10328
1731,OQM14,2014-04-14,105.25,106.05,104.46,106.05,4196,11166
1732,OQM14,2014-04-15,105.48,106.5,105.45,106.5,4023,12774
1733,OQM14,2014-04-16,106.18,107.08,105.96,106.55,7396,13576
1734,OQM14,2014-04-17,106.39,106.75,105.81,106.32,5010,14568
1735,OQM14,2014-04-21,105.91,106.83,105.85,106.83,3499,16096
1736,OQM14,2014-04-22,106.72,106.74,105.95,106.3,6068,16768
1737,OQM14,2014-04-23,106.5,106.51,105.87,106.22,7816,16763
1738,OQM14,2014-04-24,106.41,107.53,106.25,107.4,4655,17334
1739,OQM14,2014-04-25,106.98,107.84,106.5,106.6,7340,17250
1740,OQM14,2014-04-28,106.87,107.39,106.02,106.03,5479,18846
1741,OQM14,2014-04-29,106.02,106.65,105.67,106.65,3848,20234
1742,OQN14,2014-04-30,105.11,105.12,104.2,104.6,641,652
1743,OQN14,2014-05-01,104.14,104.35,103.64,104.35,3114,1686
1744,OQN14,2014-05-02,104.44,104.89,104.4,104.75,4745,2739
1745,OQN14,2014-05-05,104.92,104.99,103.47,104.05,3284,3688
1746,OQN14,2014-05-06,104.06,104.38,103.41,103.49,3195,4611
1747,OQN14,2014-05-07,103.7,104.58,103.66,104.58,3273,5494
1748,OQN14,2014-05-08,104.32,104.53,104.2,104.53,5785,6957
1749,OQN14,2014-05-09,104.78,105.33,104.3,104.3,3830,7877
1750,OQN14,2014-05-12,104.53,104.74,104.51,104.7,4712,8629
1751,OQN14,2014-05-13,104.49,105.4,104.35,105.26,4617,9479
1752,OQN14,2014-05-14,105.75,106.26,105.73,106.1,6201,10407
1753,OQN14,2014-05-15,105.91,106.38,105.88,106.0,5327,11320
1754,OQN14,2014-05-16,106.15,106.69,105.92,106.61,3710,12154
1755,OQN14,2014-05-19,107.05,107.05,106.25,106.25,4422,13168
1756,OQN14,2014-05-20,106.34,106.67,106.04,106.45,6521,13987
1757,OQN14,2014-05-21,106.85,107.18,106.56,107.14,6018,14624
1758,OQN14,2014-05-22,107.0,107.4,106.78,106.95,6252,15844
1759,OQN14,2014-05-23,107.0,107.15,106.81,107.1,2662,16563
1760,OQN14,2014-05-27,106.68,107.25,106.35,106.67,8835,16707
1761,OQN14,2014-05-28,106.96,106.96,106.22,106.25,4694,16282
1762,OQN14,2014-05-29,106.65,106.7,106.06,106.7,2202,16593
1763,OQQ14,2014-05-30,106.25,106.25,105.45,105.58,102,896
1764,OQQ14,2014-06-02,105.98,106.18,105.35,105.35,4512,1866
1765,OQQ14,2014-06-03,105.47,105.5,105.16,105.5,5129,3375
1766,OQQ14,2014-06-04,105.7,105.98,105.05,105.05,3708,4400
1767,OQQ14,2014-06-05,104.81,105.35,104.41,105.35,4263,5387
1768,OQQ14,2014-06-06,105.31,105.68,104.95,104.95,4698,6404
1769,OQQ14,2014-06-09,105.0,105.85,105.0,105.77,5350,7158
1770,OQQ14,2014-06-10,105.77,105.98,105.14,105.5,4169,7953
1771,OQQ14,2014-06-11,105.74,106.14,105.74,105.9,4344,8832
1772,OQQ14,2014-06-12,106.51,108.58,106.46,108.49,4350,10285
1773,OQQ14,2014-06-13,109.3,109.92,108.45,108.84,3533,11389
1774,OQQ14,2014-06-16,109.46,109.49,108.95,109.4,4692,12548
1775,OQQ14,2014-06-17,109.21,109.9,108.64,109.6,5158,14185
1776,OQQ14,2014-06-18,109.75,110.49,109.57,110.33,5529,15464
1777,OQQ14,2014-06-19,110.73,111.5,110.33,110.95,5617,16133
1778,OQQ14,2014-06-20,110.9,111.07,110.59,110.8,5190,16833
1779,OQQ14,2014-06-23,111.17,111.55,110.13,110.35,5823,16958
1780,OQQ14,2014-06-24,110.08,110.5,109.65,110.1,5580,17013
1781,OQQ14,2014-06-25,110.14,110.18,109.44,110.05,5059,16787
1782,OQQ14,2014-06-26,109.77,110.06,109.27,109.38,2790,17133
1783,OQQ14,2014-06-27,109.2,109.91,109.2,109.7,2503,18230
1784,OQU14,2014-06-30,108.82,109.09,108.68,108.74,242,1073
1785,OQU14,2014-07-01,109.03,109.22,108.69,109.0,3583,2084
1786,OQU14,2014-07-02,108.99,109.29,108.14,108.28,3604,2938
1787,OQU14,2014-07-03,107.82,108.01,107.7,107.97,4222,4301
1788,OQU14,2014-07-07,107.57,107.57,107.0,107.0,9164,6242
1789,OQU14,2014-07-08,106.65,107.07,106.14,106.28,7196,8251
1790,OQU14,2014-07-09,106.18,106.34,105.57,105.65,4528,9634
1791,OQU14,2014-07-10,105.49,106.36,105.36,106.3,4265,10880
1792,OQU14,2014-07-11,106.1,106.12,104.72,104.98,5929,12523
1793,OQU14,2014-07-14,105.18,105.18,104.56,105.05,6907,14646
1794,OQU14,2014-07-15,105.03,105.05,103.34,104.2,4522,15988
1795,OQU14,2014-07-16,104.31,105.35,104.21,104.6,2956,16539
1796,OQU14,2014-07-17,104.75,105.73,104.53,105.15,2991,16937
1797,OQU14,2014-07-18,105.53,105.68,104.65,104.65,4074,17345
1798,OQU14,2014-07-21,104.37,105.37,104.37,105.37,4197,17955
1799,OQU14,2014-07-22,105.56,106.39,105.56,105.65,5567,18419
1800,OQU14,2014-07-23,105.29,105.71,104.93,105.71,4176,18730
1801,OQU14,2014-07-24,105.42,106.15,105.21,105.3,5394,18899
1802,OQU14,2014-07-25,105.63,106.89,105.55,106.85,4610,20041
1803,OQU14,2014-07-28,106.55,106.75,105.94,106.35,3360,20589
1804,OQU14,2014-07-29,106.41,106.75,105.94,106.49,4855,19931
1805,OQU14,2014-07-30,106.31,106.54,105.91,106.0,3617,19739
1806,OQV14,2014-07-31,104.3,104.69,104.06,104.55,141,1061
1807,OQV14,2014-08-01,104.5,104.69,103.61,103.72,3404,1862
1808,OQV14,2014-08-04,103.97,104.07,103.5,103.9,2913,2892
1809,OQV14,2014-08-05,104.07,104.07,102.8,103.05,4390,3883
1810,OQV14,2014-08-06,103.46,103.67,102.98,102.98,3737,5023
1811,OQV14,2014-08-07,103.02,104.04,102.98,104.0,3223,5694
1812,OQV14,2014-08-08,104.9,104.94,103.35,103.35,2983,6285
1813,OQV14,2014-08-11,103.35,103.71,103.1,103.1,4100,7561
1814,OQV14,2014-08-12,103.0,103.11,101.89,102.44,4627,8675
1815,OQV14,2014-08-13,101.8,103.03,101.48,103.03,3635,9231
1816,OQV14,2014-08-14,102.86,102.86,100.41,100.44,4234,10505
1817,OQV14,2014-08-15,100.95,101.97,100.41,101.78,3647,11307
1818,OQV14,2014-08-18,100.78,101.21,99.88,100.3,3312,11923
1819,OQV14,2014-08-19,100.47,100.86,100.2,100.4,3355,12758
1820,OQV14,2014-08-20,100.31,101.2,100.31,101.14,2720,13636
1821,OQV14,2014-08-21,100.61,101.53,100.34,101.53,3741,14587
1822,OQV14,2014-08-22,101.61,101.61,101.14,101.27,3370,15274
1823,OQV14,2014-08-25,100.9,101.84,100.9,101.75,3809,16324
1824,OQV14,2014-08-26,101.79,102.74,101.66,101.94,3401,17761
1825,OQV14,2014-08-27,102.17,102.55,101.38,102.1,5027,19322
1826,OQV14,2014-08-28,102.09,102.1,101.35,101.58,2483,19996
1827,OQX14,2014-08-29,101.67,101.97,101.45,101.97,10,470
1828,OQX14,2014-09-02,101.85,101.9,99.34,99.41,6404,2749
1829,OQX14,2014-09-03,99.5,101.7,99.38,101.47,4231,3775
1830,OQX14,2014-09-04,100.86,100.89,100.15,100.35,4431,4679
1831,OQX14,2014-09-05,100.3,100.76,99.03,99.3,5044,5929
1832,OQX14,2014-09-08,99.37,99.42,98.31,98.8,4077,6806
1833,OQX14,2014-09-09,98.21,98.9,97.78,97.8,4841,7673
1834,OQX14,2014-09-10,98.05,98.05,96.47,96.75,4557,8642
1835,OQX14,2014-09-11,96.53,96.67,95.51,96.57,4556,9600
1836,OQX14,2014-09-12,97.05,97.05,95.96,95.97,4760,10457
1837,OQX14,2014-09-15,95.17,95.89,95.17,95.75,4395,11316
1838,OQX14,2014-09-16,95.77,97.2,95.46,96.9,5178,12304
1839,OQX14,2014-09-17,96.66,97.33,96.54,96.8,3680,13160
1840,OQX14,2014-09-18,96.52,96.65,95.69,95.9,6672,14148
1841,OQX14,2014-09-19,95.68,96.45,95.35,96.45,4254,15175
1842,OQX14,2014-09-22,95.91,96.31,95.0,95.26,5229,16341
1843,OQX14,2014-09-23,95.6,96.2,95.26,95.57,5540,16926
1844,OQX14,2014-09-24,95.62,95.74,94.48,95.58,3654,18012
1845,OQX14,2014-09-25,95.6,95.72,95.06,95.72,3887,18534
1846,OQX14,2014-09-26,95.85,95.85,95.12,95.75,5454,17417
1847,OQX14,2014-09-29,95.19,97.02,94.11,95.78,2355,17798
1848,OQZ14,2014-09-30,95.99,96.37,93.79,93.79,67,182
1849,OQZ14,2014-10-01,93.95,95.22,93.33,93.33,2046,1129
1850,OQZ14,2014-10-02,93.27,93.46,91.21,92.98,2881,2048
1851,OQZ14,2014-10-03,93.16,93.16,90.8,91.5,2502,2482
1852,OQZ14,2014-10-06,91.58,91.93,91.58,91.73,1394,3130
1853,OQZ14,2014-10-07,91.8,91.8,91.13,91.13,2634,3955
1854,OQZ14,2014-10-08,90.01,90.56,89.88,90.33,2863,4944
1855,OQZ14,2014-10-09,90.57,90.73,88.18,88.95,2223,5900
1856,OQZ14,2014-10-10,87.85,89.33,87.85,89.05,2604,7013
1857,OQZ14,2014-10-13,88.07,88.45,87.39,88.3,2447,7876
1858,OQZ14,2014-10-14,87.99,88.27,84.95,84.95,2675,8635
1859,OQZ14,2014-10-15,85.13,85.35,82.98,83.2,3176,8723
1860,OQZ14,2014-10-16,82.74,85.05,82.46,85.05,3054,10002
1861,OQZ14,2014-10-17,85.2,86.14,84.65,85.3,3670,11399
1862,OQZ14,2014-10-20,85.4,85.4,83.1,83.75,1600,11738
1863,OQZ14,2014-10-21,84.1,84.66,83.75,84.3,3180,12915
1864,OQZ14,2014-10-22,84.87,84.92,82.75,82.75,1699,13544
1865,OQZ14,2014-10-23,82.9,85.07,82.55,85.0,2757,14581
1866,OQZ14,2014-10-24,84.73,84.94,84.14,84.3,1779,15066
1867,OQZ14,2014-10-27,84.54,84.59,83.62,84.18,1344,15679
1868,OQZ14,2014-10-28,84.25,84.73,84.05,84.73,2465,15970
1869,OQZ14,2014-10-29,84.9,85.3,84.18,85.3,2398,15836
1870,OQZ14,2014-10-30,84.99,84.99,84.32,84.4,2160,15174
1871,OQF15,2014-10-31,83.87,84.28,83.33,84.28,13,77
1872,OQF15,2014-11-03,83.9,84.29,82.75,82.75,2187,1147
1873,OQF15,2014-11-04,82.25,82.25,80.56,81.0,2948,2100
1874,OQF15,2014-11-05,80.32,81.82,80.07,81.25,2622,3051
1875,OQF15,2014-11-06,80.66,81.23,80.54,81.23,2949,4057
1876,OQF15,2014-11-07,80.65,81.64,80.65,81.64,3430,5031
1877,OQF15,2014-11-10,82.66,82.66,80.75,80.75,3403,6250
1878,OQF15,2014-11-11,80.4,80.48,79.15,80.05,2877,7630
1879,OQF15,2014-11-12,79.63,79.79,78.8,78.8,3146,8739
1880,OQF15,2014-11-13,78.72,78.72,75.29,75.29,4670,10443
1881,OQF15,2014-11-14,75.52,77.47,74.81,77.47,4266,11726
1882,OQF15,2014-11-17,76.7,77.52,76.27,77.52,3633,12875
1883,OQF15,2014-11-18,77.25,77.96,76.65,76.65,3495,14057
1884,OQF15,2014-11-19,76.4,77.61,76.35,76.35,2551,15086
1885,OQF15,2014-11-20,76.32,77.6,75.98,77.6,3198,16270
1886,OQF15,2014-11-21,77.95,80.05,77.67,78.65,3340,17703
1887,OQF15,2014-11-24,79.27,79.27,78.35,78.35,3592,19232
1888,OQF15,2014-11-25,78.23,78.4,76.95,76.95,4378,20607
1889,OQF15,2014-11-26,76.72,77.32,75.83,76.3,3073,20676
1890,OQG15,2014-11-28,74.78,74.78,68.98,69.27,194,40
1891,OQG15,2014-12-01,68.82,71.15,66.61,71.15,1812,1098
1892,OQG15,2014-12-02,70.43,71.03,69.13,69.13,2152,2071
1893,OQG15,2014-12-03,69.41,69.73,68.4,68.4,2054,3075
1894,OQG15,2014-12-04,68.58,68.65,67.21,67.8,2310,4076
1895,OQG15,2014-12-05,67.6,67.63,66.31,67.0,1547,4733
1896,OQG15,2014-12-08,66.49,66.49,64.65,64.7,2628,5746
1897,OQG15,2014-12-09,63.94,64.88,63.52,64.88,3291,6751
1898,OQG15,2014-12-10,64.06,64.06,62.12,62.45,3763,8313
1899,OQG15,2014-12-11,62.42,62.69,61.48,61.53,3485,9519
1900,OQG15,2014-12-12,60.98,61.01,59.51,59.6,2865,10522
1901,OQG15,2014-12-15,60.23,60.67,58.53,58.77,3244,11297
1902,OQG15,2014-12-16,58.18,58.23,56.5,57.77,2790,12687
1903,OQG15,2014-12-17,57.5,60.21,56.29,58.05,2398,13611
1904,OQG15,2014-12-18,58.35,60.34,56.51,56.53,2876,14317
1905,OQG15,2014-12-19,56.85,59.41,56.18,58.76,2564,14906
1906,OQG15,2014-12-22,59.8,59.8,57.55,57.65,1974,15635
1907,OQG15,2014-12-23,57.92,58.42,56.88,58.42,2651,16577
1908,OQG15,2014-12-24,58.26,58.29,56.5,57.2,3165,15841
1909,OQG15,2014-12-26,57.35,57.42,55.98,56.06,1225,16347
1910,OQG15,2014-12-29,56.4,56.45,53.65,53.65,1521,16807
1911,OQG15,2014-12-30,52.67,54.5,52.62,54.5,2139,16615
1912,OQH15,2014-12-31,54.78,54.9,53.45,54.9,145,115
1913,OQH15,2015-01-02,54.67,54.98,53.1,53.1,1214,947
1914,OQH15,2015-01-05,52.54,52.54,50.05,50.05,1612,1772
1915,OQH15,2015-01-06,49.88,49.91,48.58,48.58,4009,3420
1916,OQH15,2015-01-07,47.9,48.65,46.86,48.2,5386,5694
1917,OQH15,2015-01-08,47.99,48.26,46.58,47.75,2708,6977
1918,OQH15,2015-01-09,47.98,47.98,45.94,47.1,4260,8131
1919,OQH15,2015-01-12,46.38,46.44,44.8,44.8,3710,9386
1920,OQH15,2015-01-13,43.21,44.25,42.69,44.25,4653,11069
1921,OQH15,2015-01-14,43.29,46.1,43.08,45.18,2177,11993
1922,OQH15,2015-01-15,45.54,47.5,44.6,44.6,3048,13030
1923,OQH15,2015-01-16,44.98,46.21,44.98,46.2,2446,13967
1924,OQH15,2015-01-20,46.35,46.43,45.02,45.2,11611,16776
1925,OQH15,2015-01-21,45.48,45.95,45.23,45.95,5016,17463
1926,OQH15,2015-01-22,45.6,47.16,45.36,45.8,3239,18590
1927,OQH15,2015-01-23,46.38,46.71,45.78,46.0,2240,20008
1928,OQH15,2015-01-26,45.45,46.06,45.19,45.65,4780,21826
1929,OQH15,2015-01-27,45.28,47.65,45.26,47.65,3639,24146
1930,OQH15,2015-01-28,47.35,48.31,47.06,47.2,2361,25309
1931,OQH15,2015-01-29,47.9,48.08,45.55,47.55,2248,25890
1932,OQJ15,2015-01-30,46.79,50.98,46.5,50.98,99,75
1933,OQJ15,2015-02-02,49.99,53.12,49.4,52.75,4668,1486
1934,OQJ15,2015-02-03,53.49,56.34,53.45,55.87,2509,2915
1935,OQJ15,2015-02-04,55.82,55.98,52.6,52.6,1978,3988
1936,OQJ15,2015-02-05,52.35,55.64,51.77,54.65,6190,5087
1937,OQJ15,2015-02-06,55.45,57.02,55.44,56.1,5004,6053
1938,OQJ15,2015-02-09,55.96,57.36,55.75,56.85,3046,7256
1939,OQJ15,2015-02-10,55.9,56.25,55.08,55.45,3935,8488
1940,OQJ15,2015-02-11,55.56,56.12,54.0,54.3,2849,9685
1941,OQJ15,2015-02-12,54.74,56.86,54.74,56.86,2450,11092
1942,OQJ15,2015-02-13,57.93,59.42,57.75,59.28,3150,11623
1943,OQJ15,2015-02-17,58.86,60.35,58.38,60.35,12095,13340
1944,OQJ15,2015-02-18,60.31,60.34,58.11,58.5,2045,14276
1945,OQJ15,2015-02-19,57.32,57.9,56.43,57.9,1688,15067
1946,OQJ15,2015-02-20,57.99,58.0,57.4,57.45,2338,15996
1947,OQJ15,2015-02-23,56.95,57.03,55.75,55.95,2479,17279
1948,OQJ15,2015-02-24,55.51,56.85,55.28,55.85,2613,18276
1949,OQJ15,2015-02-25,55.91,58.8,55.91,58.8,4348,17690
1950,OQJ15,2015-02-26,58.98,59.12,57.3,57.3,2067,18654
1951,OQK15,2015-02-27,59.08,60.0,59.03,60.0,29,95
1952,OQK15,2015-03-02,59.9,60.08,57.5,57.5,2361,1225
1953,OQK15,2015-03-03,57.95,59.75,57.91,59.15,3559,2489
1954,OQK15,2015-03-04,58.69,58.92,58.05,58.75,8267,4102
1955,OQK15,2015-03-05,58.44,59.15,58.32,58.8,2724,5050
1956,OQK15,2015-03-06,59.09,59.09,57.73,58.13,5415,5817
1957,OQK15,2015-03-09,57.45,57.45,56.67,57.26,3003,6995
1958,OQK15,2015-03-10,57.32,57.33,54.78,55.09,2984,7957
1959,OQK15,2015-03-11,55.28,56.14,54.11,55.92,2578,8985
1960,OQK15,2015-03-12,56.16,57.05,54.87,55.44,3139,9675
1961,OQK15,2015-03-13,55.38,55.38,53.0,53.28,5008,10393
1962,OQK15,2015-03-16,51.94,53.08,51.09,52.49,2536,10942
1963,OQK15,2015-03-17,52.38,52.41,51.02,51.81,2660,11646
1964,OQK15,2015-03-18,51.19,54.24,50.79,54.09,1839,12140
1965,OQK15,2015-03-19,52.88,53.45,52.16,52.6,1601,12925
1966,OQK15,2015-03-20,52.14,53.58,52.0,53.55,2131,13519
1967,OQK15,2015-03-23,52.55,53.88,52.31,53.88,2073,14165
1968,OQK15,2015-03-24,53.67,54.57,53.0,53.15,1888,14785
1969,OQK15,2015-03-25,53.22,54.41,52.67,54.41,2648,15756
1970,OQK15,2015-03-26,56.95,57.59,55.86,56.94,4478,17453
1971,OQK15,2015-03-27,55.56,55.99,54.0,54.0,2341,18236
1972,OQK15,2015-03-30,53.98,54.32,53.74,54.1,3960,18191
1973,OQM15,2015-03-31,54.24,54.26,53.54,53.78,60,185
1974,OQM15,2015-04-01,53.64,55.45,53.41,55.45,3931,2112
1975,OQM15,2015-04-02,55.4,55.82,53.0,53.45,0,2963
1976,OQM15,2015-04-06,54.81,57.0,54.75,57.0,1823,3768
1977,OQM15,2015-04-07,56.34,57.45,55.56,57.45,3409,5068
1978,OQM15,2015-04-08,56.9,56.9,53.8,53.8,5767,6989
1979,OQM15,2015-04-09,54.6,55.97,54.6,55.0,2874,7973
1980,OQM15,2015-04-10,54.96,56.5,54.83,56.5,3769,8613
1981,OQM15,2015-04-13,56.57,58.36,56.38,56.75,3460,9785
1982,OQM15,2015-04-14,57.45,58.23,57.24,57.8,4780,10982
1983,OQM15,2015-04-15,58.2,61.12,58.02,60.71,4137,12395
1984,OQM15,2015-04-16,60.61,62.28,59.98,61.68,3177,13408
1985,OQM15,2015-04-17,61.2,62.3,60.78,61.17,2567,14197
1986,OQM15,2015-04-20,61.83,61.99,60.15,61.06,2843,15252
1987,OQM15,2015-04-21,60.66,60.85,59.85,59.85,3241,16208
1988,OQM15,2015-04-22,59.24,60.35,59.04,60.35,3597,16877
1989,OQM15,2015-04-23,60.0,62.49,59.58,61.97,2726,18046
1990,OQM15,2015-04-24,61.79,62.61,61.66,62.25,4645,19488
1991,OQM15,2015-04-27,62.23,62.59,61.48,61.85,4885,20575
1992,OQM15,2015-04-28,61.24,61.9,61.12,61.65,4288,21988
1993,OQM15,2015-04-29,61.43,62.9,61.43,62.9,3210,23453
1994,OQN15,2015-04-30,64.66,64.66,63.66,64.66,0,123
1995,OQN15,2015-05-01,64.65,64.65,63.53,63.93,1947,1158
1996,OQN15,2015-05-04,64.17,64.66,64.08,64.2,2206,2035
1997,OQN15,2015-05-05,64.23,66.23,64.23,65.52,2094,2778
1998,OQN15,2015-05-06,66.53,67.47,65.7,65.7,3250,3976
1999,OQN15,2015-05-07,65.56,66.3,63.6,63.84,3348,5261
2000,OQN15,2015-05-08,63.5,64.15,62.92,63.61,3689,6147
2001,OQN15,2015-05-11,63.75,63.93,63.2,63.2,2583,7020
2002,OQN15,2015-05-12,63.55,64.75,63.36,64.75,2699,8218
2003,OQN15,2015-05-13,65.14,65.48,64.65,64.65,3569,9733
2004,OQN15,2015-05-14,64.67,64.73,64.05,64.28,3680,10811
2005,OQN15,2015-05-15,64.44,64.53,63.23,64.45,3266,11653
2006,OQN15,2015-05-18,64.92,65.05,63.61,63.79,3633,12870
2007,OQN15,2015-05-19,63.23,63.23,61.62,61.62,3736,13884
2008,OQN15,2015-05-20,61.72,62.59,61.72,62.35,4245,14871
2009,OQN15,2015-05-21,62.75,64.07,62.36,63.85,2795,15813
2010,OQN15,2015-05-22,63.63,63.73,62.45,62.85,3596,16954
2011,OQN15,2015-05-26,62.15,62.52,61.0,61.0,5847,18165
2012,OQN15,2015-05-27,61.6,62.76,60.17,60.17,2569,18075
2013,OQN15,2015-05-28,60.7,62.57,60.59,61.69,2357,18277
2014,OQQ15,2015-05-29,60.89,63.77,60.89,63.77,58,81
2015,OQQ15,2015-06-01,63.14,64.06,63.14,63.4,4924,1252
2016,OQQ15,2015-06-02,63.89,64.29,63.08,63.75,2217,2076
2017,OQQ15,2015-06-03,63.38,63.44,62.03,62.05,3922,3108
2018,OQQ15,2015-06-04,61.96,61.96,60.1,60.1,4255,3996
2019,OQQ15,2015-06-05,59.89,61.6,59.63,61.6,4369,5172
2020,OQQ15,2015-06-08,61.28,61.38,60.6,60.6,4481,6351
2021,OQQ15,2015-06-09,60.65,62.7,60.65,62.7,3727,7181
2022,OQQ15,2015-06-10,63.35,64.19,63.33,63.5,3649,7897
2023,OQQ15,2015-06-11,63.86,64.04,63.25,63.25,4342,8720
2024,OQQ15,2015-06-12,62.85,62.98,62.0,62.0,4388,9999
2025,OQQ15,2015-06-15,62.11,62.17,61.03,61.25,3603,11015
2026,OQQ15,2015-06-16,61.66,61.66,61.12,61.25,4065,11820
2027,OQQ15,2015-06-17,61.31,62.82,60.45,61.46,5008,13334
2028,OQQ15,2015-06-18,61.18,62.3,61.18,61.8,3262,14179
2029,OQQ15,2015-06-19,61.88,62.3,60.66,60.77,3475,15112
2030,OQQ15,2015-06-22,60.89,61.25,60.4,61.03,3555,16205
2031,OQQ15,2015-06-23,61.11,62.71,60.85,62.41,4386,17254
2032,OQQ15,2015-06-24,62.52,62.97,61.43,61.45,3826,18249
2033,OQQ15,2015-06-25,61.58,61.99,60.88,61.35,4846,20321
2034,OQQ15,2015-06-26,61.39,61.47,60.29,61.05,2811,20852
2035,OQQ15,2015-06-29,59.98,60.08,59.55,59.75,2849,21808
2036,OQU15,2015-06-30,60.7,62.38,60.7,62.38,19,228
2037,OQU15,2015-07-01,61.97,62.25,60.95,60.95,3272,1479
2038,OQU15,2015-07-02,60.98,61.24,60.87,61.0,3124,2266
2039,OQU15,2015-07-06,58.13,58.23,55.47,55.89,8695,5041
2040,OQU15,2015-07-07,56.04,56.64,54.51,55.94,3996,6329
2041,OQU15,2015-07-08,55.43,57.25,55.2,56.45,3157,7447
2042,OQU15,2015-07-09,57.27,58.96,57.27,58.4,3286,8377
2043,OQU15,2015-07-10,58.81,58.81,57.46,58.2,3054,8940
2044,OQU15,2015-07-13,57.13,57.3,56.75,57.3,3093,9651
2045,OQU15,2015-07-14,56.16,57.72,55.71,57.58,2581,10592
2046,OQU15,2015-07-15,57.5,57.5,55.9,55.9,3340,11512
2047,OQU15,2015-07-16,56.36,56.52,55.84,55.88,3375,12476
2048,OQU15,2015-07-17,55.95,56.37,55.69,56.22,2590,13328
2049,OQU15,2015-07-20,56.35,56.35,55.42,55.55,2353,14042
2050,OQU15,2015-07-21,55.35,56.12,55.12,56.0,2430,15035
2051,OQU15,2015-07-22,55.6,55.95,55.27,55.57,3917,15903
2052,OQU15,2015-07-23,55.27,55.57,54.48,54.48,2975,16428
2053,OQU15,2015-07-24,54.64,54.71,54.01,54.01,2968,17265
2054,OQU15,2015-07-27,53.92,54.14,52.92,52.94,3906,17569
2055,OQU15,2015-07-28,52.63,53.23,51.85,53.05,3534,18250
2056,OQU15,2015-07-29,52.99,53.84,52.44,53.8,4711,17190
2057,OQU15,2015-07-30,54.76,54.85,53.94,54.3,2788,17771
2058,OQV15,2015-07-31,52.95,53.36,52.55,52.55,848,31
2059,OQV15,2015-08-03,51.72,51.97,50.05,50.05,2739,1670
2060,OQV15,2015-08-04,50.74,50.87,50.32,50.6,3355,2720
2061,OQV15,2015-08-05,51.11,51.11,49.47,50.08,2640,3249
2062,OQV15,2015-08-06,49.95,50.03,49.55,49.78,3368,4506
2063,OQV15,2015-08-07,49.68,50.23,48.74,48.9,2903,5637
2064,OQV15,2015-08-10,48.37,50.74,48.37,50.74,2130,6467
2065,OQV15,2015-08-11,50.52,51.25,49.42,49.42,4186,7541
2066,OQV15,2015-08-12,49.15,50.2,49.15,50.04,2720,8376
2067,OQV15,2015-08-13,50.54,50.71,49.28,49.45,3082,9500
2068,OQV15,2015-08-14,49.52,49.52,48.93,49.0,2193,10333
2069,OQV15,2015-08-17,48.55,49.18,48.36,48.69,2621,11394
2070,OQV15,2015-08-18,48.47,48.8,48.22,48.8,2678,12431
2071,OQV15,2015-08-19,48.68,48.81,46.89,47.08,3491,13702
2072,OQV15,2015-08-20,46.64,46.77,46.31,46.34,3990,15133
2073,OQV15,2015-08-21,45.95,46.08,45.1,45.26,3107,16331
2074,OQV15,2015-08-24,44.05,44.05,42.43,42.43,5175,18383
2075,OQV15,2015-08-25,42.98,43.24,42.83,42.83,4913,20505
2076,OQV15,2015-08-26,42.83,43.22,42.75,42.86,5664,22258
2077,OQV15,2015-08-27,44.31,47.0,43.98,47.0,4132,23649
2078,OQV15,2015-08-28,47.36,49.59,46.3,49.4,2015,24949
2079,OQX15,2015-08-31,47.0,52.45,46.87,52.45,390,707
2080,OQX15,2015-09-01,51.25,51.25,47.63,47.66,3012,1681
2081,OQX15,2015-09-02,46.51,48.66,45.8,48.61,2693,2538
2082,OQX15,2015-09-03,48.23,49.95,48.04,48.88,3939,3624
2083,OQX15,2015-09-04,48.05,48.38,47.7,47.72,3142,4573
2084,OQX15,2015-09-08,47.33,47.33,45.51,47.25,5347,6211
2085,OQX15,2015-09-09,47.53,48.0,45.5,45.5,2668,7189
2086,OQX15,2015-09-10,45.64,46.82,45.43,46.82,4178,8137
2087,OQX15,2015-09-11,46.52,46.52,45.41,46.07,3018,9219
2088,OQX15,2015-09-14,45.8,45.8,43.98,43.98,3119,10385
2089,OQX15,2015-09-15,43.79,44.04,43.59,43.91,3554,11378
2090,OQX15,2015-09-16,44.18,46.52,44.01,46.25,4338,12840
2091,OQX15,2015-09-17,46.15,46.15,45.55,45.55,3874,14312
2092,OQX15,2015-09-18,45.6,45.72,44.15,44.15,4426,15746
2093,OQX15,2015-09-21,44.73,45.63,44.36,45.63,4361,17584
2094,OQX15,2015-09-22,45.04,45.72,44.64,45.72,4061,19114
2095,OQX15,2015-09-23,45.96,46.28,44.59,44.59,2801,19978
2096,OQX15,2015-09-24,45.12,45.12,43.99,44.7,3276,20924
2097,OQX15,2015-09-25,44.97,45.01,43.56,44.52,4308,21991
2098,OQX15,2015-09-28,44.21,44.72,43.4,43.4,4153,22983
2099,OQX15,2015-09-29,44.09,46.13,43.88,45.35,3548,23725
2100,OQZ15,2015-09-30,45.4,46.62,45.38,45.64,424,249
2101,OQZ15,2015-10-01,46.32,46.32,44.76,44.76,2607,1513
2102,OQZ15,2015-10-02,45.53,45.53,45.02,45.35,3923,2757
2103,OQZ15,2015-10-05,45.65,46.43,45.5,46.43,3978,4091
2104,OQZ15,2015-10-06,46.42,49.45,46.29,49.45,3310,5194
2105,OQZ15,2015-10-07,50.35,50.36,48.84,48.84,3790,6748
2106,OQZ15,2015-10-08,49.23,50.42,48.74,50.31,3362,7366
2107,OQZ15,2015-10-09,51.07,51.07,49.63,49.63,4176,8143
2108,OQZ15,2015-10-12,50.08,50.11,46.71,46.72,2932,9138
2109,OQZ15,2015-10-13,47.18,47.6,46.3,46.3,4998,9959
2110,OQZ15,2015-10-14,46.42,46.65,46.14,46.5,4821,11149
2111,OQZ15,2015-10-15,46.43,46.64,45.59,46.64,6502,12671
2112,OQZ15,2015-10-16,47.14,47.23,46.56,47.11,4098,13909
2113,OQZ15,2015-10-19,46.6,46.77,44.96,44.96,3448,15072
2114,OQZ15,2015-10-20,44.98,45.18,44.56,45.11,4328,15975
2115,OQZ15,2015-10-21,44.42,44.93,44.2,44.21,3983,17160
2116,OQZ15,2015-10-22,44.52,44.69,44.15,44.4,3856,18376
2117,OQZ15,2015-10-23,44.54,44.83,44.33,44.35,4889,19500
2118,OQZ15,2015-10-26,44.18,44.58,43.75,43.75,4209,20360
2119,OQZ15,2015-10-27,43.5,43.94,43.18,43.47,3974,20884
2120,OQZ15,2015-10-28,43.53,45.8,43.29,45.8,3337,21737
2121,OQZ15,2015-10-29,45.16,45.82,45.08,45.4,2757,22910
2122,OQF16,2015-10-30,46.09,46.84,46.09,46.84,353,266
2123,OQF16,2015-11-02,46.59,46.92,45.5,45.74,2863,1628
2124,OQF16,2015-11-03,45.53,47.24,45.24,47.24,3641,2832
2125,OQF16,2015-11-04,46.99,47.23,45.42,45.42,3643,4041
2126,OQF16,2015-11-05,45.39,45.7,44.8,44.8,3434,5355
2127,OQF16,2015-11-06,44.99,45.55,44.38,44.38,4072,6593
2128,OQF16,2015-11-09,44.45,44.72,44.24,44.26,4567,7830
2129,OQF16,2015-11-10,44.28,44.28,43.92,44.23,3405,8886
2130,OQF16,2015-11-11,44.03,44.2,42.57,42.57,3006,9899
2131,OQF16,2015-11-12,43.15,43.15,41.31,41.31,3740,11015
2132,OQF16,2015-11-13,41.41,41.74,39.96,40.25,3770,12144
2133,OQF16,2015-11-16,40.32,41.22,38.96,40.19,2821,12574
2134,OQF16,2015-11-17,40.39,40.63,39.55,39.55,2999,12959
2135,OQF16,2015-11-18,39.69,40.2,39.11,39.9,5286,13867
2136,OQF16,2015-11-19,40.33,40.52,39.9,40.04,4280,15156
2137,OQF16,2015-11-20,39.92,41.22,39.78,40.38,4634,16408
2138,OQF16,2015-11-23,39.47,40.84,39.27,40.36,3926,17757
2139,OQF16,2015-11-24,40.5,41.7,40.5,41.65,2937,19034
2140,OQF16,2015-11-25,41.9,41.9,40.64,41.55,3824,20386
2141,OQF16,2015-11-27,41.14,41.14,38.76,40.22,5670,23182
2142,OQF16,2015-11-30,40.4,40.44,37.58,39.67,629,0
2143,OQG16,2015-12-01,40.87,40.96,40.12,40.25,3298,1580
2144,OQG16,2015-12-02,39.99,40.26,38.28,38.28,4136,2806
2145,OQG16,2015-12-03,38.92,40.47,38.9,39.75,5241,4158
2146,OQG16,2015-12-04,39.55,40.06,38.74,38.74,3296,5303
2147,OQG16,2015-12-07,38.5,38.6,36.0,36.0,3245,5952
2148,OQG16,2015-12-08,36.3,36.59,35.49,35.49,3192,7215
2149,OQG16,2015-12-09,35.87,36.34,35.13,35.16,3883,7975
2150,OQG16,2015-12-10,35.66,36.06,34.99,35.13,3084,9053
2151,OQG16,2015-12-11,34.99,35.35,33.45,33.58,3082,9755
2152,OQG16,2015-12-14,33.63,33.63,32.2,33.33,3460,10870
2153,OQG16,2015-12-15,33.12,34.38,32.74,33.77,3197,11500
2154,OQG16,2015-12-16,33.45,33.45,32.37,32.37,3131,12489
2155,OQG16,2015-12-17,32.13,32.33,32.12,32.17,2507,13256
2156,OQG16,2015-12-18,32.43,32.44,32.01,32.01,2610,13865
2157,OQG16,2015-12-21,31.37,31.58,31.21,31.5,6835,13617
2158,OQG16,2015-12-22,31.56,32.28,31.56,31.57,3504,15121
2159,OQG16,2015-12-23,31.69,32.66,31.62,32.66,4877,16955
2160,OQG16,2015-12-24,32.8,33.34,32.42,32.62,2629,17867
2161,OQG16,2015-12-28,32.99,33.04,31.79,31.79,2355,18673
2162,OQG16,2015-12-29,32.06,32.9,31.64,32.9,4030,18995
2163,OQG16,2015-12-30,32.34,32.54,31.63,31.63,1769,20019
2164,OQH16,2015-12-31,32.35,33.31,32.35,33.31,9,256
2165,OQH16,2016-01-04,33.47,33.47,32.45,32.7,3464,1874
2166,OQH16,2016-01-05,32.48,32.67,31.44,31.52,4543,3968
2167,OQH16,2016-01-06,31.45,31.72,29.43,29.43,5848,6313
2168,OQH16,2016-01-07,28.14,29.86,27.64,29.1,4072,8173
2169,OQH16,2016-01-08,29.99,30.06,28.66,29.05,5926,10590
2170,OQH16,2016-01-11,28.0,28.76,27.01,27.05,5979,12459
2171,OQH16,2016-01-12,26.94,28.07,26.28,26.65,5410,14170
2172,OQH16,2016-01-13,26.84,27.29,25.88,25.88,5067,15503
2173,OQH16,2016-01-14,26.09,26.43,25.63,26.43,3586,16875
2174,OQH16,2016-01-15,26.32,26.32,24.62,24.71,4616,18026
2175,OQH16,2016-01-18,24.85,24.85,24.84,24.85,4616,18026
2176,OQH16,2016-01-19,24.42,26.07,24.14,24.9,9776,19929
2177,OQH16,2016-01-20,24.07,24.34,23.15,23.78,3466,21769
2178,OQH16,2016-01-21,23.76,25.25,23.37,25.18,3531,23295
2179,OQH16,2016-01-22,26.75,27.65,25.82,27.65,4709,25390
2180,OQH16,2016-01-25,28.17,28.71,26.35,26.35,5902,27465
2181,OQH16,2016-01-26,25.14,28.11,25.09,27.79,6288,30352
2182,OQH16,2016-01-27,27.38,29.04,26.61,29.04,4132,32292
2183,OQH16,2016-01-28,29.39,30.25,28.23,30.25,4919,34969
2184,OQJ16,2016-01-29,31.87,32.38,31.5,32.38,30,238
2185,OQJ16,2016-02-01,31.38,31.99,30.85,30.85,2758,1742
2186,OQJ16,2016-02-02,30.34,30.63,29.36,29.57,4692,3360
2187,OQJ16,2016-02-03,29.3,31.89,29.25,31.89,3980,4952
2188,OQJ16,2016-02-04,32.12,32.4,30.78,30.78,5033,6642
2189,OQJ16,2016-02-05,30.36,31.13,30.36,30.72,2834,7797
2190,OQJ16,2016-02-08,31.05,31.05,29.35,29.35,2660,8626
2191,OQJ16,2016-02-09,29.21,30.11,27.0,27.0,2730,9675
2192,OQJ16,2016-02-10,27.7,28.32,27.35,27.41,3200,11136
2193,OQJ16,2016-02-11,27.3,27.3,26.45,26.45,3447,12590
2194,OQJ16,2016-02-12,27.69,30.09,27.53,30.09,3504,14255
2195,OQJ16,2016-02-15,29.95,29.95,29.95,29.95,3504,14255
2196,OQJ16,2016-02-16,29.85,32.04,28.98,28.98,6736,17404
2197,OQJ16,2016-02-17,28.71,31.59,28.62,31.55,2831,18144
2198,OQJ16,2016-02-18,31.75,32.83,31.49,31.49,3144,19011
2199,OQJ16,2016-02-19,31.17,31.57,30.18,30.18,4316,20230
2200,OQJ16,2016-02-22,30.87,31.88,30.74,31.88,4669,21277
2201,OQJ16,2016-02-23,31.37,31.37,30.39,30.45,4264,22678
2202,OQJ16,2016-02-24,30.23,31.11,29.26,31.11,4649,23969
2203,OQJ16,2016-02-25,30.36,32.2,30.28,32.2,2609,25312
2204,OQJ16,2016-02-26,31.83,32.27,31.7,31.9,2625,27185
2205,OQK16,2016-02-29,32.31,33.05,31.56,33.05,142,638
2206,OQK16,2016-03-01,33.05,33.16,32.66,32.95,3166,2016
2207,OQK16,2016-03-02,32.73,33.44,32.73,33.44,3880,3644
2208,OQK16,2016-03-03,33.16,33.73,33.11,33.73,3513,5000
2209,OQK16,2016-03-04,33.61,35.43,33.54,35.43,4109,6480
2210,OQK16,2016-03-07,36.06,37.47,35.69,37.43,3534,8023
2211,OQK16,2016-03-08,37.26,37.55,36.03,36.03,4016,9567
2212,OQK16,2016-03-09,36.2,37.42,36.17,37.42,3687,11057
2213,OQK16,2016-03-10,36.93,37.25,36.4,36.53,5477,12818
2214,OQK16,2016-03-11,37.21,37.6,37.0,37.0,3118,14087
2215,OQK16,2016-03-14,36.59,36.73,35.69,36.21,2666,14802
2216,OQK16,2016-03-15,35.66,35.8,35.12,35.37,3890,16210
2217,OQK16,2016-03-16,35.73,36.98,35.5,36.98,4188,17524
2218,OQK16,2016-03-17,37.08,38.41,37.0,38.4,4647,18609
2219,OQK16,2016-03-18,38.45,39.1,38.19,38.29,4465,20204
2220,OQK16,2016-03-21,37.78,38.7,37.73,38.66,4129,20978
2221,OQK16,2016-03-22,38.55,38.94,38.21,38.94,3641,22180
2222,OQK16,2016-03-23,38.45,38.61,37.43,37.43,3941,23639
2223,OQK16,2016-03-24,37.03,37.33,36.66,37.33,3518,24396
2224,OQK16,2016-03-28,38.02,38.13,37.35,37.35,3409,25367
2225,OQK16,2016-03-29,36.91,36.96,36.22,36.22,3539,25981
2226,OQK16,2016-03-30,36.81,40.27,36.81,37.5,2080,26849
2227,OQM16,2016-03-31,37.05,37.22,36.08,37.22,222,1004
2228,OQM16,2016-04-01,37.11,37.14,35.37,35.5,2875,1835
2229,OQM16,2016-04-04,35.04,35.68,34.75,34.75,3610,2882
2230,OQM16,2016-04-05,34.58,34.7,34.23,34.65,5041,4090
2231,OQM16,2016-04-06,35.3,36.48,35.26,36.48,3394,5194
2232,OQM16,2016-04-07,36.92,36.99,36.26,36.26,3348,6073
2233,OQM16,2016-04-08,37.07,38.48,37.07,38.48,3262,7209
2234,OQM16,2016-04-11,38.4,39.31,38.18,39.31,3765,8300
2235,OQM16,2016-04-12,39.39,41.12,39.39,41.12,5147,10156
2236,OQM16,2016-04-13,40.73,40.76,40.45,40.45,3435,11051
2237,OQM16,2016-04-14,40.08,40.85,40.02,40.16,4560,11616
2238,OQM16,2016-04-15,39.94,40.08,39.3,39.53,3228,12238
2239,OQM16,2016-04-18,37.47,39.33,37.47,39.33,3130,13344
2240,OQM16,2016-04-19,39.54,40.31,39.5,40.31,5385,14533
2241,OQM16,2016-04-20,39.09,42.08,39.09,42.08,5722,15703
2242,OQM16,2016-04-21,42.4,42.4,40.77,40.77,2681,16455
2243,OQM16,2016-04-22,41.12,42.13,40.96,41.46,3442,17352
2244,OQM16,2016-04-25,41.11,41.67,40.86,40.86,4900,18367
2245,OQM16,2016-04-26,40.99,41.8,40.91,41.8,4325,19469
2246,OQM16,2016-04-27,42.52,42.94,42.49,42.85,2322,20085
2247,OQM16,2016-04-28,42.85,43.61,42.57,43.1,2117,20764
2248,OQN16,2016-04-29,44.35,45.56,44.11,44.26,816,920
2249,OQN16,2016-05-02,43.81,43.81,42.5,42.5,1734,1719
2250,OQN16,2016-05-03,42.93,43.1,42.0,42.0,2821,2414
2251,OQN16,2016-05-04,41.93,42.95,41.7,41.7,3544,3313
2252,OQN16,2016-05-05,42.59,42.84,41.83,41.83,3587,3870
2253,OQN16,2016-05-06,41.59,42.36,41.26,42.2,5285,4535
2254,OQN16,2016-05-09,42.87,42.88,40.6,40.6,4413,5341
2255,OQN16,2016-05-10,40.85,42.44,40.82,42.44,4167,6520
2256,OQN16,2016-05-11,42.58,44.49,41.98,44.49,3527,7591
2257,OQN16,2016-05-12,44.56,44.81,44.45,44.74,4772,8046
2258,OQN16,2016-05-13,44.4,44.46,44.23,44.44,2842,9004
2259,OQN16,2016-05-16,45.19,45.57,45.04,45.57,3644,9698
2260,OQN16,2016-05-17,46.01,46.23,45.73,46.02,3836,10404
2261,OQN16,2016-05-18,45.84,46.54,45.65,45.65,3294,10924
2262,OQN16,2016-05-19,44.83,45.71,44.59,45.71,4022,11659
2263,OQN16,2016-05-20,45.92,46.11,45.59,45.59,3615,12148
2264,OQN16,2016-05-23,45.21,45.29,45.01,45.11,3553,12834
2265,OQN16,2016-05-24,44.72,45.83,44.65,45.41,3711,13270
2266,OQN16,2016-05-25,45.97,46.4,45.87,46.4,3196,13837
2267,OQN16,2016-05-26,46.45,46.57,45.75,45.9,2870,14510
2268,OQN16,2016-05-27,45.64,46.0,45.56,46.0,2439,15146
2269,OQQ16,2016-05-31,46.24,46.8,46.06,46.52,358,495
2270,OQQ16,2016-06-01,46.03,46.16,45.42,46.12,2692,1578
2271,OQQ16,2016-06-02,46.32,46.58,45.45,46.58,4371,2342
2272,OQQ16,2016-06-03,46.63,46.71,46.25,46.25,4612,3309
2273,OQQ16,2016-06-06,46.62,47.16,46.6,47.16,3800,4426
2274,OQQ16,2016-06-07,47.17,48.06,47.12,48.06,6041,5646
2275,OQQ16,2016-06-08,48.16,49.05,48.12,49.05,5306,6801
2276,OQQ16,2016-06-09,48.74,49.36,48.61,48.61,5569,7895
2277,OQQ16,2016-06-10,48.23,48.28,47.44,47.44,5108,9229
2278,OQQ16,2016-06-13,46.96,47.11,46.85,47.11,5487,10768
2279,OQQ16,2016-06-14,46.48,46.61,46.26,46.44,5891,12151
2280,OQQ16,2016-06-15,46.18,46.37,45.47,45.47,3957,13145
2281,OQQ16,2016-06-16,45.0,45.2,44.05,44.05,9342,14756
2282,OQQ16,2016-06-17,44.79,45.81,44.66,45.81,3053,15784
2283,OQQ16,2016-06-20,46.75,47.15,46.57,47.15,6440,16853
2284,OQQ16,2016-06-21,46.7,47.09,46.01,46.97,4589,17893
2285,OQQ16,2016-06-22,47.43,47.46,45.94,45.94,5048,18839
2286,OQQ16,2016-06-23,46.35,47.36,46.35,47.36,4772,20907
2287,OQQ16,2016-06-24,47.49,47.49,44.8,45.12,3848,22846
2288,OQQ16,2016-06-27,45.45,45.62,44.1,44.1,4110,24723
2289,OQQ16,2016-06-28,45.05,45.48,45.05,45.48,3829,25926
2290,OQQ16,2016-06-29,46.68,47.66,46.09,47.66,2204,26887
2291,OQU16,2016-06-30,47.15,47.36,45.83,45.83,296,517
2292,OQU16,2016-07-01,46.06,46.26,45.45,46.26,4800,1829
2293,OQU16,2016-07-05,46.6,46.68,43.95,44.18,9493,4600
2294,OQU16,2016-07-06,44.02,45.01,43.59,44.9,3410,5551
2295,OQU16,2016-07-07,45.11,45.48,42.62,42.62,4137,6885
2296,OQU16,2016-07-08,42.76,43.36,42.76,43.14,4169,8356
2297,OQU16,2016-07-11,42.71,43.38,42.47,42.74,5313,9869
2298,OQU16,2016-07-12,42.94,44.99,42.94,44.97,5029,11157
2299,OQU16,2016-07-13,44.22,44.47,42.96,43.24,6020,12680
2300,OQU16,2016-07-14,43.52,44.1,43.26,44.1,4902,14065
2301,OQU16,2016-07-15,43.69,44.73,43.56,44.36,3947,15403
2302,OQU16,2016-07-18,44.41,44.5,43.42,43.98,4991,16831
2303,OQU16,2016-07-19,43.74,44.21,43.29,43.5,5222,18200
2304,OQU16,2016-07-20,43.41,44.16,43.01,43.84,4496,19596
2305,OQU16,2016-07-21,44.02,44.02,42.84,42.84,4820,20811
2306,OQU16,2016-07-22,42.8,43.37,42.51,43.08,5874,23428
2307,OQU16,2016-07-25,42.92,43.04,41.88,41.97,4277,25195
2308,OQU16,2016-07-26,41.56,41.89,41.3,41.89,3541,27028
2309,OQU16,2016-07-27,41.76,41.89,40.58,40.58,2675,28577
2310,OQU16,2016-07-28,40.71,41.37,39.69,40.09,2990,29196
2311,OQV16,2016-07-29,40.06,40.6,39.77,40.6,1284,902
2312,OQV16,2016-08-01,40.26,40.73,39.3,39.3,2671,2147
2313,OQV16,2016-08-02,39.19,40.26,39.08,39.22,2985,3541
2314,OQV16,2016-08-03,38.93,40.53,38.93,40.48,3285,4852
2315,OQV16,2016-08-04,40.49,41.98,40.35,41.98,5000,5877
2316,OQV16,2016-08-05,41.6,41.9,41.45,41.9,4152,7225
2317,OQV16,2016-08-08,42.32,43.02,42.27,43.02,3265,8154
2318,OQV16,2016-08-09,42.65,42.73,42.48,42.48,4161,8917
2319,OQV16,2016-08-10,42.04,42.66,41.68,41.68,4177,9539
2320,OQV16,2016-08-11,41.47,43.47,40.98,43.47,3882,10390
2321,OQV16,2016-08-12,43.89,44.33,43.25,44.33,4467,11812
2322,OQV16,2016-08-15,45.03,45.73,44.53,45.73,4786,13551
2323,OQV16,2016-08-16,46.05,46.54,45.72,46.54,6204,15837
2324,OQV16,2016-08-17,46.17,47.31,45.96,47.31,6157,17496
2325,OQV16,2016-08-18,47.36,48.15,47.04,48.13,6144,18675
2326,OQV16,2016-08-19,48.52,48.52,47.42,47.95,4854,20185
2327,OQV16,2016-08-22,47.08,47.08,46.13,46.13,3683,20937
2328,OQV16,2016-08-23,45.73,46.96,45.52,46.96,6026,23259
2329,OQV16,2016-08-24,46.32,46.36,45.54,45.84,5621,25282
2330,OQV16,2016-08-25,45.72,46.52,45.6,46.52,4709,26810
2331,OQV16,2016-08-26,46.56,47.29,46.11,46.69,3828,27925
2332,OQV16,2016-08-29,45.52,46.13,45.52,46.0,4013,28668
2333,OQV16,2016-08-30,46.24,46.29,45.5,45.5,2788,28932
2334,OQX16,2016-08-31,45.32,45.42,43.83,43.83,856,442
2335,OQX16,2016-09-01,44.07,44.25,42.01,42.07,3205,1803
2336,OQX16,2016-09-02,42.42,43.36,42.0,43.17,4275,3020
2337,OQX16,2016-09-06,44.95,45.76,43.65,43.82,8279,5783
2338,OQX16,2016-09-07,44.13,44.55,43.83,44.5,3946,6966
2339,OQX16,2016-09-08,45.3,46.68,45.26,46.58,5045,8295
2340,OQX16,2016-09-09,45.86,45.99,44.6,44.6,5063,9579
2341,OQX16,2016-09-12,44.14,44.96,43.63,44.96,4756,11038
2342,OQX16,2016-09-13,44.27,44.49,43.8,43.8,5595,12353
2343,OQX16,2016-09-14,44.11,44.25,42.63,42.63,5877,13869
2344,OQX16,2016-09-15,42.49,43.65,42.43,43.13,4691,15210
2345,OQX16,2016-09-16,42.92,42.96,42.47,42.6,4710,16580
2346,OQX16,2016-09-19,43.2,43.32,42.77,42.77,5355,17943
2347,OQX16,2016-09-20,42.67,43.05,42.42,42.76,6033,19217
2348,OQX16,2016-09-21,43.57,44.1,43.48,43.84,6030,20793
2349,OQX16,2016-09-22,44.35,44.84,44.26,44.84,4939,21852
2350,OQX16,2016-09-23,44.58,45.21,43.2,43.2,5041,23133
2351,OQX16,2016-09-26,43.0,44.45,42.72,44.34,5556,24920
2352,OQX16,2016-09-27,44.28,44.28,42.9,43.16,4983,26264
2353,OQX16,2016-09-28,43.26,45.83,43.05,45.83,3737,27408
2354,OQX16,2016-09-29,45.16,46.58,44.65,46.28,3472,29355
2355,OQZ16,2016-09-30,46.42,47.38,46.23,47.38,828,310
2356,OQZ16,2016-10-03,47.39,48.47,47.38,48.35,3567,1103
2357,OQZ16,2016-10-04,48.0,48.27,47.84,48.27,3134,2084
2358,OQZ16,2016-10-05,48.99,49.05,48.76,49.05,5353,3194
2359,OQZ16,2016-10-06,48.84,49.87,48.84,49.87,5968,3954
2360,OQZ16,2016-10-07,50.07,50.17,48.91,49.21,5295,4912
2361,OQZ16,2016-10-10,48.99,51.08,48.99,50.5,5416,5861
2362,OQZ16,2016-10-11,50.11,50.38,49.74,49.74,4478,6803
2363,OQZ16,2016-10-12,50.22,50.32,49.23,49.43,2642,7678
2364,OQZ16,2016-10-13,49.16,49.68,48.7,49.68,4944,8607
2365,OQZ16,2016-10-14,49.73,50.3,49.73,49.77,3300,9407
2366,OQZ16,2016-10-17,49.39,49.67,49.39,49.39,2657,10180
2367,OQZ16,2016-10-18,49.46,49.75,49.46,49.46,4503,11052
2368,OQZ16,2016-10-19,50.34,50.34,50.17,50.34,5650,11819
2369,OQZ16,2016-10-20,49.2,49.99,49.2,49.2,5000,12738
2370,OQZ16,2016-10-21,49.54,49.54,49.2,49.54,4021,13519
2371,OQZ16,2016-10-24,49.0,49.55,49.0,49.0,5149,14701
2372,OQZ16,2016-10-25,48.34,49.26,48.34,48.34,5619,15724
2373,OQZ16,2016-10-26,47.71,48.07,47.71,47.71,4198,16836
2374,OQZ16,2016-10-27,48.57,48.57,48.34,48.57,4766,17981
2375,OQZ16,2016-10-28,47.7,48.28,47.7,47.7,2025,18945
2376,OQF17,2016-10-31,45.4,47.32,45.4,45.4,1336,537
2377,OQF17,2016-11-01,45.16,45.99,45.16,45.16,3690,1934
2378,OQF17,2016-11-02,44.13,44.73,44.13,44.13,4395,3164
2379,OQF17,2016-11-03,43.46,44.17,43.46,43.46,5076,4477
2380,OQF17,2016-11-04,42.66,43.29,42.66,42.66,5264,5846
2381,OQF17,2016-11-07,43.56,43.56,43.38,43.56,5882,7555
2382,OQF17,2016-11-08,43.46,43.63,43.46,43.46,4495,8963
2383,OQF17,2016-11-09,43.8,43.8,43.07,43.8,5427,10523
2384,OQF17,2016-11-10,43.42,44.36,43.42,43.42,5276,12175
2385,OQF17,2016-11-11,42.42,43.38,42.42,42.42,5287,13677
2386,OQF17,2016-11-14,42.1,42.52,42.1,42.1,5561,14946
2387,OQF17,2016-11-15,44.28,44.28,42.79,44.28,6934,15961
2388,OQF17,2016-11-16,43.93,44.07,43.93,43.93,6443,17288
2389,OQF17,2016-11-17,43.82,44.09,43.82,43.82,4358,18575
2390,OQF17,2016-11-18,44.2,44.2,43.41,44.2,3566,19684
2391,OQF17,2016-11-21,46.4,46.4,45.27,46.4,6665,20714
2392,OQF17,2016-11-22,46.9,46.9,46.73,46.9,6690,22585
2393,OQF17,2016-11-23,46.68,46.86,46.68,46.68,7085,24932
2394,OQF17,2016-11-25,45.28,46.53,45.28,45.28,13229,28465
2395,OQF17,2016-11-28,46.03,46.03,44.48,46.03,4016,30349
2396,OQF17,2016-11-29,43.9,45.31,43.9,43.9,2206,31796
2397,OQG17,2016-11-30,49.1,49.1,45.64,49.1,680,358
2398,OQG17,2016-12-01,51.73,51.73,49.71,51.73,5542,1707
2399,OQG17,2016-12-02,52.12,52.12,51.45,52.12,5709,3141
2400,OQG17,2016-12-05,52.55,52.55,52.33,52.55,5531,4549
2401,OQG17,2016-12-06,51.7,52.15,51.7,51.7,6491,5984
2402,OQG17,2016-12-07,50.85,51.36,50.85,50.85,4468,7378
2403,OQG17,2016-12-08,51.8,51.8,50.95,51.8,4453,8770
2404,OQG17,2016-12-09,52.15,52.18,52.15,52.15,6698,10312
2405,OQG17,2016-12-12,53.78,54.8,53.78,53.78,5813,11984
2406,OQG17,2016-12-13,53.65,53.65,53.44,53.65,6389,13270
2407,OQG17,2016-12-14,51.9,53.18,51.9,51.9,6046,14672
2408,OQG17,2016-12-15,52.05,52.22,52.05,52.05,6474,16103
2409,OQG17,2016-12-16,53.05,53.05,52.0,53.05,8731,18010
2410,OQG17,2016-12-19,52.7,53.29,52.7,52.7,6315,19798
2411,OQG17,2016-12-20,52.98,52.98,52.67,52.98,5005,21209
2412,OQG17,2016-12-21,52.2,53.55,52.2,52.2,6223,22691
2413,OQG17,2016-12-22,52.8,52.8,52.51,52.8,4213,24048
2414,OQG17,2016-12-23,52.95,52.95,52.59,52.95,3291,25547
2415,OQG17,2016-12-27,53.9,53.9,53.31,53.9,2681,27218
2416,OQG17,2016-12-28,54.0,54.47,54.0,54.0,3157,29026
2417,OQG17,2016-12-29,54.05,54.65,54.05,54.05,3091,29792
2418,OQH17,2016-12-30,54.78,54.78,54.78,54.78,426,368
2419,OQH17,2017-01-03,53.6,55.04,53.6,53.6,5783,1903
2420,OQH17,2017-01-04,54.9,54.9,54.46,54.9,6052,3946
2421,OQH17,2017-01-05,55.25,55.25,54.6,55.25,7092,5834
2422,OQH17,2017-01-06,55.27,55.27,54.98,55.27,6213,7564
2423,OQH17,2017-01-09,53.1,54.99,53.1,53.1,7214,9801
2424,OQH17,2017-01-10,51.8,53.4,51.8,51.8,10482,12188
2425,OQH17,2017-01-11,53.25,53.25,52.2,53.25,6951,13991
2426,OQH17,2017-01-12,54.28,54.28,53.72,54.28,7262,15462
2427,OQH17,2017-01-13,53.8,54.38,53.8,53.8,6733,16613
2428,OQH17,2017-01-17,53.78,54.22,53.78,53.78,13899,19523
2429,OQH17,2017-01-18,52.3,54.21,52.3,52.3,8094,20949
2430,OQH17,2017-01-19,52.66,53.18,52.66,52.66,6873,22863
2431,OQH17,2017-01-20,53.9,53.9,52.98,53.9,5999,24381
2432,OQH17,2017-01-23,53.65,53.65,53.6,53.65,6992,26529
2433,OQH17,2017-01-24,53.78,54.1,53.78,53.78,7790,28365
2434,OQH17,2017-01-25,53.6,53.6,53.6,53.6,10983,30721
2435,OQH17,2017-01-26,54.7,54.7,54.07,54.7,8786,33611
2436,OQH17,2017-01-27,53.83,54.4,53.83,53.83,6259,35872
2437,OQH17,2017-01-30,53.3,53.43,53.3,53.3,3436,37515
2438,OQJ17,2017-01-31,53.73,53.73,53.56,53.73,1205,422
2439,OQJ17,2017-02-01,55.1,55.1,53.8,55.1,5291,1694
2440,OQJ17,2017-02-02,55.29,55.41,55.29,55.29,5247,3178
2441,OQJ17,2017-02-03,55.7,55.91,55.7,55.7,4665,4755
2442,OQJ17,2017-02-06,54.82,55.88,54.82,54.82,3814,6002
2443,OQJ17,2017-02-07,54.12,54.76,54.12,54.12,4471,7151
2444,OQJ17,2017-02-08,54.07,54.07,53.65,54.07,6832,8528
2445,OQJ17,2017-02-09,54.58,54.58,54.58,54.58,7030,10255
2446,OQJ17,2017-02-10,55.48,55.48,54.59,55.48,6446,12238
2447,OQJ17,2017-02-13,54.58,55.45,54.58,54.58,6214,14124
2448,OQJ17,2017-02-14,55.05,55.06,55.05,55.05,4899,15482
2449,OQJ17,2017-02-15,54.92,54.92,54.87,54.92,6412,16269
2450,OQJ17,2017-02-16,55.03,55.14,55.03,55.03,6175,17321
2451,OQJ17,2017-02-17,55.3,55.3,55.16,55.3,5342,18165
2452,OQJ17,2017-02-21,55.6,55.6,55.43,55.6,10035,21425
2453,OQJ17,2017-02-22,54.76,55.36,54.76,54.76,5267,23033
2454,OQJ17,2017-02-23,55.83,55.83,55.66,55.83,5601,24195
2455,OQJ17,2017-02-24,55.25,55.54,55.25,55.25,4968,24958
2456,OQJ17,2017-02-27,55.07,55.56,55.07,55.07,3273,26047
2457,OQK17,2017-02-28,55.6,55.6,55.4,55.6,925,281
2458,OQK17,2017-03-01,55.65,55.65,55.6,55.65,4582,1717
2459,OQK17,2017-03-02,54.25,55.36,54.25,54.25,5850,3159
2460,OQK17,2017-03-03,54.75,54.75,54.27,54.75,4540,4520
2461,OQK17,2017-03-06,54.84,54.84,54.31,54.84,6955,5818
2462,OQK17,2017-03-07,54.77,54.77,54.77,54.77,5511,7293
2463,OQK17,2017-03-08,51.95,54.39,51.95,51.95,4570,8679
2464,OQK17,2017-03-09,51.08,52.74,51.08,51.08,4332,9940
2465,OQK17,2017-03-10,50.23,51.32,50.23,50.23,4681,11209
2466,OQK17,2017-03-13,50.28,50.28,50.19,50.28,4951,12581
2467,OQK17,2017-03-14,49.62,50.07,49.62,49.62,4401,13900
2468,OQK17,2017-03-15,50.48,50.48,50.41,50.48,4475,15157
2469,OQK17,2017-03-16,50.4,51.14,50.4,50.4,4736,16149
2470,OQK17,2017-03-17,50.63,50.63,50.63,50.63,3978,17316
2471,OQK17,2017-03-20,50.48,50.48,50.42,50.48,4730,18574
2472,OQK17,2017-03-21,49.86,50.93,49.86,49.86,5479,19898
2473,OQK17,2017-03-22,49.64,49.74,49.64,49.64,5983,21201
2474,OQK17,2017-03-23,49.58,49.87,49.58,49.58,5979,22926
2475,OQK17,2017-03-24,49.9,49.9,49.67,49.9,5637,24653
2476,OQK17,2017-03-27,49.74,49.74,49.51,49.74,5682,26086
2477,OQK17,2017-03-28,50.18,50.18,49.89,50.18,5724,28109
2478,OQK17,2017-03-29,51.45,51.45,50.76,51.45,6428,29904
2479,OQK17,2017-03-30,52.05,52.05,51.5,52.05,2567,31668
2480,OQM17,2017-03-31,52.3,52.3,51.83,52.3,574,210
2481,OQM17,2017-04-03,51.85,52.24,51.85,51.85,5568,2029
2482,OQM17,2017-04-04,52.75,52.75,51.5,52.75,5937,3627
2483,OQM17,2017-04-05,53.41,53.41,53.04,53.41,11142,5920
2484,OQM17,2017-04-06,53.58,53.58,53.14,53.58,4803,7380
2485,OQM17,2017-04-07,53.93,54.49,53.93,53.93,5233,8888
2486,OQM17,2017-04-10,54.65,54.65,54.65,54.65,3900,10329
2487,OQM17,2017-04-11,55.05,55.05,54.72,55.05,5337,12078
2488,OQM17,2017-04-12,55.34,55.34,54.65,55.34,5395,13460
2489,OQM17,2017-04-13,54.71,54.71,54.68,54.71,3262,14808
2490,OQM17,2017-04-17,54.17,54.27,54.17,54.17,3898,16087
2491,OQM17,2017-04-18,53.76,53.86,53.76,53.76,4899,17528
2492,OQM17,2017-04-19,51.8,53.67,51.8,51.8,5402,18775
2493,OQM17,2017-04-20,51.82,52.03,51.82,51.82,6763,20686
2494,OQM17,2017-04-21,50.9,51.72,50.9,50.9,4926,22242
2495,OQM17,2017-04-24,50.7,51.33,50.7,50.7,5124,24122
2496,OQM17,2017-04-25,51.12,51.12,50.63,51.12,5722,26228
2497,OQM17,2017-04-26,50.84,50.99,50.84,50.84,7435,28010
2498,OQM17,2017-04-27,50.37,50.47,50.37,50.37,3274,29856
2499,OQN17,2017-04-28,51.12,51.34,51.12,51.12,548,158
2500,OQN17,2017-05-01,50.37,50.59,50.37,50.37,2650,1541
2501,OQN17,2017-05-02,49.57,50.74,49.57,49.57,4483,3067
2502,OQN17,2017-05-03,49.85,49.97,49.85,49.85,3923,4628
2503,OQN17,2017-05-04,47.59,49.5,47.59,47.59,4182,6270
2504,OQN17,2017-05-05,48.38,48.38,47.97,48.38,6169,8353
2505,OQN17,2017-05-08,48.54,48.68,48.54,48.54,4670,10010
2506,OQN17,2017-05-09,47.95,48.63,47.95,47.95,6850,11764
2507,OQN17,2017-05-10,49.31,49.31,48.26,49.31,5184,13373
2508,OQN17,2017-05-11,49.69,49.8,49.69,49.69,5019,14898
2509,OQN17,2017-05-12,49.74,49.74,49.67,49.74,4969,16378
2510,OQN17,2017-05-15,51.04,51.04,50.76,51.04,5335,17782
2511,OQN17,2017-05-16,50.72,51.24,50.72,50.72,5255,19080
2512,OQN17,2017-05-17,51.25,51.25,50.52,51.25,6213,20057
2513,OQN17,2017-05-18,51.53,51.53,51.08,51.53,5877,21525
2514,OQN17,2017-05-19,52.52,52.52,52.14,52.52,4618,22889
2515,OQN17,2017-05-22,52.68,52.88,52.68,52.68,5561,23821
2516,OQN17,2017-05-23,53.0,53.0,52.35,53.0,6895,26317
2517,OQN17,2017-05-24,52.7,53.24,52.7,52.7,5793,27888
2518,OQN17,2017-05-25,50.2,52.9,50.2,50.2,5643,29121
2519,OQN17,2017-05-26,50.82,50.82,50.46,50.82,8112,31571
2520,OQN17,2017-05-30,50.45,50.45,50.37,50.45,9110,35851
2521,OQQ17,2017-05-31,49.67,50.51,49.67,49.67,790,347
2522,OQQ17,2017-06-01,49.52,50.26,49.52,49.52,5111,1758
2523,OQQ17,2017-06-02,48.75,48.75,48.52,48.75,4255,3291
2524,OQQ17,2017-06-05,48.25,48.87,48.25,48.25,3735,4797
2525,OQQ17,2017-06-06,48.92,48.92,48.02,48.92,4542,6189
2526,OQQ17,2017-06-07,47.1,48.56,47.1,47.1,5333,7888
2527,OQQ17,2017-06-08,46.92,47.28,46.92,46.92,5905,9433
2528,OQQ17,2017-06-09,47.13,47.13,46.72,47.13,5490,11318
2529,OQQ17,2017-06-12,47.3,47.3,47.26,47.3,5684,13010
2530,OQQ17,2017-06-13,47.6,47.6,47.54,47.6,5759,14457
2531,OQQ17,2017-06-14,45.85,46.93,45.85,45.85,5533,15621
2532,OQQ17,2017-06-15,45.62,45.68,45.62,45.62,4822,17146
2533,OQQ17,2017-06-16,46.0,46.0,45.95,46.0,6242,18665
2534,OQQ17,2017-06-19,45.58,45.8,45.58,45.58,5384,20252
2535,OQQ17,2017-06-20,44.72,45.76,44.72,44.72,5026,21759
2536,OQQ17,2017-06-21,43.47,44.47,43.47,43.47,7275,23393
2537,OQQ17,2017-06-22,43.95,43.95,43.55,43.95,5395,24968
2538,OQQ17,2017-06-23,44.27,44.27,44.18,44.27,5714,26078
2539,OQQ17,2017-06-26,44.63,44.67,44.63,44.63,3569,27347
2540,OQQ17,2017-06-27,45.39,45.39,45.18,45.39,5135,28845
2541,OQQ17,2017-06-28,45.92,45.92,45.37,45.92,3661,30145
2542,OQQ17,2017-06-29,46.17,46.46,46.17,46.17,2628,31044
2543,OQU17,2017-06-30,47.76,47.76,46.89,47.76,573,206
2544,OQU17,2017-07-03,48.55,48.55,47.8,48.55,5893,1775
2545,OQU17,2017-07-05,46.67,48.45,46.67,46.67,9955,4807
2546,OQU17,2017-07-06,46.95,47.21,46.95,46.95,6055,6232
2547,OQU17,2017-07-07,45.45,45.98,45.45,45.45,4728,7784
2548,OQU17,2017-07-10,45.58,45.58,45.31,45.58,5618,9332
2549,OQU17,2017-07-11,46.25,46.25,45.33,46.25,4745,10808
2550,OQU17,2017-07-12,46.42,46.97,46.42,46.42,5199,12331
2551,OQU17,2017-07-13,47.07,47.07,46.01,47.07,4761,14001
2552,OQU17,2017-07-14,47.57,47.57,47.01,47.57,4328,15921
2553,OQU17,2017-07-17,47.1,47.78,47.1,47.1,5358,17779
2554,OQU17,2017-07-18,47.48,47.48,47.21,47.48,5361,18717
2555,OQU17,2017-07-19,48.35,48.35,47.45,48.35,6195,20357
2556,OQU17,2017-07-20,47.97,48.37,47.97,47.97,5487,22215
2557,OQU17,2017-07-21,46.67,48.23,46.67,46.67,6231,23904
2558,OQU17,2017-07-24,47.25,47.25,46.53,47.25,6317,25310
2559,OQU17,2017-07-25,48.78,48.78,47.36,48.78,5368,27366
2560,OQU17,2017-07-26,49.52,49.52,49.13,49.52,6658,28804
2561,OQU17,2017-07-27,49.75,49.75,49.39,49.75,6274,29702
2562,OQU17,2017-07-28,50.65,50.65,49.83,50.65,2491,31796
2563,OQV17,2017-07-31,51.22,51.22,50.82,51.22,637,241
2564,OQV17,2017-08-01,50.37,51.42,50.37,50.37,4869,1680
2565,OQV17,2017-08-02,51.15,51.15,50.28,51.15,3660,2784
2566,OQV17,2017-08-03,50.85,50.94,50.85,50.85,4517,4446
2567,OQV17,2017-08-04,51.25,51.25,50.43,51.25,5610,6530
2568,OQV17,2017-08-07,51.07,51.07,50.97,51.07,5270,7921
2569,OQV17,2017-08-08,50.9,51.42,50.9,50.9,6255,9629
2570,OQV17,2017-08-09,51.45,51.45,50.96,51.45,5018,10806
2571,OQV17,2017-08-10,50.5,51.73,50.5,50.5,5639,12647
2572,OQV17,2017-08-11,50.62,50.62,49.95,50.62,4054,14149
2573,OQV17,2017-08-14,49.3,50.47,49.3,49.3,5900,15354
2574,OQV17,2017-08-15,49.4,49.4,49.35,49.4,4589,16728
2575,OQV17,2017-08-16,48.7,49.65,48.7,48.7,4226,18479
2576,OQV17,2017-08-17,49.2,49.2,48.72,49.2,4947,19613
2577,OQV17,2017-08-18,50.92,50.92,49.37,50.92,4079,21152
2578,OQV17,2017-08-21,49.81,50.8,49.81,49.81,5246,22705
2579,OQV17,2017-08-22,49.92,50.12,49.92,49.92,5669,24489
2580,OQV17,2017-08-23,50.95,50.95,50.01,50.95,5267,26713
2581,OQV17,2017-08-24,50.35,50.62,50.35,50.35,4818,27750
2582,OQV17,2017-08-25,50.26,50.71,50.26,50.26,4384,29299
2583,OQV17,2017-08-28,50.05,50.67,50.05,50.05,5414,30326
2584,OQV17,2017-08-29,50.5,50.5,50.44,50.5,3617,31923
2585,OQV17,2017-08-30,49.4,50.3,49.4,49.4,2408,33040
2586,OQV17,2017-08-31,49.6,49.6,49.6,49.6,2408,33040
2587,OQX17,2017-09-01,51.67,51.67,51.35,51.67,1053,586
2588,OQX17,2017-09-05,51.41,52.38,51.04,51.41,3878,1849
2589,OQX17,2017-09-06,53.2,53.2,52.48,53.2,4581,6300
2590,OQX17,2017-09-07,53.28,53.41,53.28,53.28,3729,7729
2591,OQX17,2017-09-08,52.55,53.48,52.55,52.55,3835,9106
2592,OQX17,2017-09-11,52.64,52.64,52.48,52.64,4356,10435
2593,OQX17,2017-09-12,53.12,53.12,52.46,53.12,3839,11714
2594,OQX17,2017-09-13,54.0,54.0,53.19,54.0,6351,13318
2595,OQX17,2017-09-14,54.35,54.35,53.92,54.35,4803,14969
2596,OQX17,2017-09-15,54.48,54.48,54.01,54.48,4342,16348
2597,OQX17,2017-09-18,54.36,54.62,54.36,54.36,4861,17761
2598,OQX17,2017-09-19,54.08,54.48,54.08,54.08,4426,19298
2599,OQX17,2017-09-20,55.18,55.18,54.33,55.18,5521,19475
2600,OQX17,2017-09-21,55.47,55.47,55.18,55.47,4698,20843
2601,OQX17,2017-09-22,55.98,55.98,55.6,55.98,4789,22103
2602,OQX17,2017-09-25,57.78,57.78,55.94,57.78,4974,23118
2603,OQX17,2017-09-26,56.26,56.76,56.26,56.26,5757,24472
2604,OQX17,2017-09-27,56.15,56.36,56.15,56.15,3505,26119
2605,OQX17,2017-09-28,55.75,56.02,55.75,55.75,2401,27660
2606,OQX17,2017-09-29,55.84,55.84,55.84,55.84,5162,25500
2607,OQZ17,2017-10-02,54.62,55.24,54.62,54.62,4793,1843
2608,OQZ17,2017-10-03,54.45,54.59,54.45,54.45,5376,3797
2609,OQZ17,2017-10-04,54.33,54.33,54.09,54.33,4822,5716
2610,OQZ17,2017-10-05,55.5,55.5,54.55,55.5,4938,7286
2611,OQZ17,2017-10-06,53.85,55.36,53.85,53.85,4705,8860
2612,OQZ17,2017-10-09,54.06,54.06,53.94,54.06,4296,10279
2613,OQZ17,2017-10-10,54.82,54.82,54.16,54.82,4591,11652
2614,OQZ17,2017-10-11,54.81,54.81,54.81,54.81,5170,13559
2615,OQZ17,2017-10-12,54.52,54.99,54.52,54.52,7035,15884
2616,OQZ17,2017-10-13,55.4,55.51,55.4,55.4,4908,17412
2617,OQZ17,2017-10-16,56.05,56.05,55.99,56.05,6350,19479
2618,OQZ17,2017-10-17,56.02,56.23,56.02,56.02,5449,21502
2619,OQZ17,2017-10-18,56.22,56.38,56.22,56.22,4689,23032
2620,OQZ17,2017-10-19,55.3,55.53,55.3,55.3,5905,24864
2621,OQZ17,2017-10-20,55.7,55.7,55.16,55.7,4178,26122
2622,OQZ17,2017-10-23,55.47,55.88,55.47,55.47,6012,27615
2623,OQZ17,2017-10-24,56.48,56.48,55.24,56.48,5648,29232
2624,OQZ17,2017-10-25,56.28,56.28,56.21,56.28,3715,30172
2625,OQZ17,2017-10-26,57.1,57.1,56.14,57.1,6069,31026
2626,OQZ17,2017-10-27,58.05,58.05,57.0,58.05,3783,32547
2627,OQZ17,2017-10-30,57.8,57.95,57.8,57.8,1725,33496
2628,OQZ17,2017-10-31,58.13,58.13,58.13,58.13,4716,30314
2629,OQF18,2017-11-01,58.55,59.68,58.55,58.55,4532,1683
2630,OQF18,2017-11-02,58.53,58.85,58.53,58.53,4950,3182
2631,OQF18,2017-11-03,60.3,60.3,58.98,60.3,3879,4604
2632,OQF18,2017-11-06,62.2,62.2,60.63,62.2,3789,5966
2633,OQF18,2017-11-07,61.65,62.29,61.65,61.65,6537,6228
2634,OQF18,2017-11-08,61.78,61.78,61.78,61.78,3687,7056
2635,OQF18,2017-11-09,62.05,62.05,61.6,62.05,2486,8038
2636,OQF18,2017-11-10,61.65,62.0,61.65,61.65,2304,9051
2637,OQF18,2017-11-13,61.52,61.55,61.52,61.52,2761,9934
2638,OQF18,2017-11-14,60.47,61.24,60.47,60.47,3861,11220
2639,OQF18,2017-11-15,59.94,60.02,59.94,59.94,4819,12553
2640,OQF18,2017-11-16,59.66,60.29,59.66,59.66,2332,13594
2641,OQF18,2017-11-17,60.94,60.94,59.61,60.94,5348,14759
2642,OQF18,2017-11-20,60.6,60.66,60.6,60.6,3593,15855
2643,OQF18,2017-11-21,60.4,60.54,60.4,60.4,3337,17086
2644,OQF18,2017-11-22,61.22,61.22,61.08,61.22,5610,18220
2645,OQF18,2017-11-24,61.8,61.8,61.04,61.8,4873,20829
2646,OQF18,2017-11-27,61.6,61.6,61.47,61.6,5045,20839
2647,OQF18,2017-11-28,61.4,61.4,61.22,61.4,2935,22635
2648,OQF18,2017-11-29,60.86,60.86,60.84,60.86,1873,23585
2649,OQF18,2017-11-30,60.75,60.75,60.75,60.75,3818,20175
2650,OQG18,2017-12-01,60.84,61.72,60.5,61.25,3047,1698
2651,OQG18,2017-12-04,60.1,60.98,60.1,60.1,2609,3050
2652,OQG18,2017-12-05,60.7,60.7,60.06,60.7,2969,4642
2653,OQG18,2017-12-06,59.2,60.76,59.2,59.2,4488,5877
2654,OQG18,2017-12-07,60.0,60.0,59.48,60.0,3313,7213
2655,OQG18,2017-12-08,61.1,61.1,60.3,61.1,3541,8431
2656,OQG18,2017-12-11,62.2,62.2,60.99,62.2,3651,9431
2657,OQG18,2017-12-12,60.64,62.61,60.64,60.64,3639,10740
2658,OQG18,2017-12-13,60.0,60.0,60.0,60.0,4678,11884
2659,OQG18,2017-12-14,60.67,60.67,60.24,60.67,5475,13642
2660,OQG18,2017-12-15,60.8,61.16,60.8,60.8,3001,14884
2661,OQG18,2017-12-18,61.25,61.5,61.25,61.25,5873,15675
2662,OQG18,2017-12-19,61.64,61.64,61.58,61.64,6012,17305
2663,OQG18,2017-12-20,61.7,61.7,61.65,61.7,3482,18767
2664,OQG18,2017-12-21,62.25,62.26,62.25,62.25,5155,20423
2665,OQG18,2017-12-22,62.15,62.16,62.15,62.15,3836,21222
2666,OQG18,2017-12-26,63.55,63.55,62.68,63.55,2760,23472
2667,OQG18,2017-12-27,63.05,63.83,63.05,63.05,3672,25511
2668,OQG18,2017-12-28,63.65,63.65,63.6,63.65,1900,26444
2669,OQH18,2017-12-29,64.43,64.43,64.04,64.43,71,214
2670,OQH18,2018-01-02,64.3,64.5,64.3,64.3,2422,1205
2671,OQH18,2018-01-03,65.5,65.5,64.19,65.5,2328,2503
2672,OQH18,2018-01-04,65.6,65.6,65.56,65.6,2491,3851
2673,OQH18,2018-01-05,65.22,65.42,65.22,65.22,4520,5731
2674,OQH18,2018-01-08,65.4,65.4,65.27,65.4,3442,7414
2675,OQH18,2018-01-09,66.28,66.28,65.7,66.28,5504,9157
2676,OQH18,2018-01-10,66.6,66.62,66.6,66.6,4456,10682
2677,OQH18,2018-01-11,66.67,66.67,66.55,66.67,3555,12121
2678,OQH18,2018-01-12,67.1,67.1,66.44,67.1,5542,13636
2679,OQH18,2018-01-16,66.5,67.21,66.5,66.5,6379,16243
2680,OQH18,2018-01-17,66.78,66.78,66.55,66.78,3764,17465
2681,OQH18,2018-01-18,66.83,66.83,66.64,66.83,4867,18528
2682,OQH18,2018-01-19,66.13,66.13,66.04,66.13,3252,19706
2683,OQH18,2018-01-22,66.53,66.53,66.3,66.53,4734,20542
2684,OQH18,2018-01-23,67.3,67.3,66.64,67.3,3294,21738
2685,OQH18,2018-01-24,67.7,67.7,66.96,67.7,2945,22884
2686,OQH18,2018-01-25,67.46,68.1,67.46,67.46,4593,24253
2687,OQH18,2018-01-26,67.5,67.5,67.39,67.5,3716,26257
2688,OQH18,2018-01-29,67.15,67.57,67.15,67.15,3106,27790
2689,OQH18,2018-01-30,66.3,66.63,66.3,66.3,3020,30047
2690,OQH18,2018-01-31,65.67,65.67,65.67,65.67,3292,27339
2691,OQJ18,2018-02-01,67.03,67.03,66.4,67.03,2700,1033
2692,OQJ18,2018-02-02,65.9,67.31,65.9,65.9,3788,2429
2693,OQJ18,2018-02-05,65.17,65.17,65.17,65.17,3290,3708
2694,OQJ18,2018-02-06,64.06,64.51,64.06,64.06,3521,5026
2695,OQJ18,2018-02-07,62.66,64.34,62.66,62.66,2607,6527
2696,OQJ18,2018-02-08,62.02,62.47,62.02,62.02,2894,7956
2697,OQJ18,2018-02-09,59.9,61.45,59.9,59.9,3369,9462
2698,OQJ18,2018-02-12,59.7,60.7,59.7,59.7,3228,10734
2699,OQJ18,2018-02-13,59.95,60.2,59.95,59.95,3060,12123
2700,OQJ18,2018-02-14,61.5,61.5,59.77,61.5,3051,13485
2701,OQJ18,2018-02-15,61.53,61.8,61.53,61.53,2768,14502
2702,OQJ18,2018-02-16,62.0,62.0,61.96,62.0,1898,15620
2703,OQJ18,2018-02-20,62.35,62.44,62.29,62.35,7321,18008
2704,OQJ18,2018-02-21,62.5,62.5,61.72,62.5,3528,19286
2705,OQJ18,2018-02-22,63.47,63.47,61.91,63.47,4325,21380
2706,OQJ18,2018-02-23,64.28,64.28,63.27,64.28,4389,23431
2707,OQJ18,2018-02-26,64.7,64.7,64.49,64.7,4892,24309
2708,OQJ18,2018-02-27,63.83,64.47,63.83,63.83,2207,26195
2709,OQJ18,2018-02-28,63.47,63.47,63.47,63.47,3790,22805
2710,OQK18,2018-03-01,60.84,61.78,60.84,60.84,2854,1214
2711,OQK18,2018-03-02,61.18,61.18,60.67,61.18,3772,2617
2712,OQK18,2018-03-05,62.68,62.68,61.96,62.68,3555,3901
2713,OQK18,2018-03-06,62.93,62.93,62.58,62.93,3914,5374
2714,OQK18,2018-03-07,61.47,62.24,61.47,61.47,3920,7292
2715,OQK18,2018-03-08,60.61,61.46,60.61,60.61,3654,8901
2716,OQK18,2018-03-09,62.49,62.49,60.82,62.49,3260,10274
2717,OQK18,2018-03-12,61.95,62.23,61.95,61.95,3433,11843
2718,OQK18,2018-03-13,61.7,61.86,61.7,61.7,4244,13265
2719,OQK18,2018-03-14,62.13,62.13,61.8,62.13,4181,15116
2720,OQK18,2018-03-15,62.38,62.38,62.18,62.38,3592,16609
2721,OQK18,2018-03-16,63.55,63.55,62.48,63.55,4352,17909
2722,OQK18,2018-03-19,63.35,63.35,63.13,63.35,2902,19244
2723,OQK18,2018-03-20,64.57,64.57,63.78,64.57,3501,20224
2724,OQK18,2018-03-21,66.58,66.58,64.68,66.58,3171,21432
2725,OQK18,2018-03-22,65.73,66.1,65.73,65.73,4065,23022
2726,OQK18,2018-03-23,67.03,67.03,65.9,67.03,4249,24580
2727,OQK18,2018-03-26,66.46,66.46,66.46,66.46,3463,25430
2728,OQK18,2018-03-27,66.2,66.5,66.2,66.2,5033,27108
2729,OQK18,2018-03-28,65.0,65.31,65.0,65.0,1592,28412
2730,OQM18,2018-03-29,66.14,66.14,65.67,66.14,293,172
2731,OQM18,2018-04-02,65.0,66.77,65.0,65.0,1884,1171
2732,OQM18,2018-04-03,65.25,65.25,65.21,65.25,3236,2430
2733,OQM18,2018-04-04,65.15,65.15,64.7,65.15,3211,3823
2734,OQM18,2018-04-05,65.5,65.5,65.42,65.5,4346,5548
2735,OQM18,2018-04-06,64.3,65.29,64.3,64.3,3484,7096
2736,OQM18,2018-04-09,65.85,65.85,64.72,65.85,3606,8440
2737,OQM18,2018-04-10,68.1,68.1,66.64,68.1,3522,9653
2738,OQM18,2018-04-11,68.95,68.95,67.61,68.95,3459,11154
2739,OQM18,2018-04-12,68.85,68.85,68.66,68.85,2844,12262
2740,OQM18,2018-04-13,69.2,69.2,69.08,69.2,3051,13748
2741,OQM18,2018-04-16,68.12,68.12,68.11,68.12,2963,15100
2742,OQM18,2018-04-17,68.42,68.42,68.16,68.42,3334,16312
2743,OQM18,2018-04-18,70.2,70.2,68.89,70.2,3277,17904
2744,OQM18,2018-04-19,70.33,70.83,70.33,70.33,3728,19552
2745,OQM18,2018-04-20,70.7,70.7,70.35,70.7,3572,21241
2746,OQM18,2018-04-23,71.2,71.2,70.27,71.2,5244,22889
2747,OQM18,2018-04-24,70.34,71.32,70.34,70.34,3416,24228
2748,OQM18,2018-04-25,70.35,70.38,70.35,70.35,3895,24528
2749,OQM18,2018-04-26,71.0,71.0,70.68,71.0,2559,26578
2750,OQM18,2018-04-27,71.12,71.17,71.12,71.12,3381,28480
2751,OQM18,2018-04-30,70.29,70.29,70.29,70.29,4337,24767
2752,OQN18,2018-05-01,70.28,71.36,70.28,70.28,2455,1041
2753,OQN18,2018-05-02,70.56,70.59,70.56,70.56,3072,2176
2754,OQN18,2018-05-03,70.7,70.7,70.64,70.7,2500,3275
2755,OQN18,2018-05-04,72.1,72.1,70.51,72.1,2358,4396
2756,OQN18,2018-05-07,72.6,72.6,72.57,72.6,1967,5432
2757,OQN18,2018-05-08,72.19,72.56,72.19,72.19,3405,6681
2758,OQN18,2018-05-09,74.25,74.25,73.97,74.25,3440,7893
2759,OQN18,2018-05-10,74.52,74.71,74.52,74.52,2832,9110
2760,OQN18,2018-05-11,74.33,74.47,74.33,74.33,2172,10088
2761,OQN18,2018-05-14,75.38,75.38,73.8,75.38,3275,11343
2762,OQN18,2018-05-15,75.31,75.41,75.31,75.31,3775,12633
2763,OQN18,2018-05-16,76.31,76.31,75.05,76.31,3267,13655
2764,OQN18,2018-05-17,76.5,76.68,76.5,76.5,2532,14620
2765,OQN18,2018-05-18,75.78,77.04,75.78,75.78,3041,15786
2766,OQN18,2018-05-21,76.81,76.81,76.47,76.81,3869,16420
2767,OQN18,2018-05-22,77.09,77.33,77.09,77.09,3468,17622
2768,OQN18,2018-05-23,77.55,77.55,76.72,77.55,3108,18797
2769,OQN18,2018-05-24,77.03,77.22,77.03,77.03,3255,20144
2770,OQN18,2018-05-25,74.5,75.84,74.5,74.5,3954,21710
2771,OQN18,2018-05-29,74.25,74.25,73.62,74.25,5030,24262
2772,OQN18,2018-05-30,76.7,76.7,74.36,76.7,2997,25600
2773,OQN18,2018-05-31,76.5,76.5,76.5,76.5,3300,22900
2774,OQQ18,2018-06-01,74.5,75.16,74.5,74.5,2198,1111
2775,OQQ18,2018-06-04,73.29,74.52,73.29,73.29,2382,2165
2776,OQQ18,2018-06-05,73.21,73.53,73.21,73.21,2462,3253
2777,OQQ18,2018-06-06,73.28,73.76,73.28,73.28,2472,4501
2778,OQQ18,2018-06-07,75.25,75.25,73.57,75.25,2230,5604
2779,OQQ18,2018-06-08,74.35,74.83,74.35,74.35,3316,6938
2780,OQQ18,2018-06-11,74.38,74.38,74.29,74.38,2665,8095
2781,OQQ18,2018-06-12,73.8,74.79,73.8,73.8,3068,9135
2782,OQQ18,2018-06-13,74.58,74.58,73.52,74.58,2913,10337
2783,OQQ18,2018-06-14,73.78,74.37,73.78,73.78,3195,11496
2784,OQQ18,2018-06-15,71.17,73.4,71.17,71.17,2663,12591
2785,OQQ18,2018-06-18,72.95,72.95,71.06,72.95,3211,13889
2786,OQQ18,2018-06-19,72.55,72.55,72.18,72.55,2840,14943
2787,OQQ18,2018-06-20,72.0,72.91,72.0,72.0,2665,15871
2788,OQQ18,2018-06-21,70.8,71.34,70.8,70.8,3401,17281
2789,OQQ18,2018-06-22,73.28,73.28,71.79,73.28,4481,19081
2790,OQQ18,2018-06-25,72.58,72.88,72.58,72.58,3661,20433
2791,OQQ18,2018-06-26,74.3,74.3,73.11,74.3,2817,21897
2792,OQQ18,2018-06-27,75.4,75.4,74.35,75.4,2223,22310
2793,OQQ18,2018-06-28,75.4,75.4,75.22,75.4,2807,23026
2794,OQQ18,2018-06-29,75.32,75.32,75.32,75.32,2856,20602
2795,OQU18,2018-07-02,74.5,75.62,74.5,74.5,3323,1184
2796,OQU18,2018-07-03,75.02,75.02,74.86,75.02,3103,2193
2797,OQU18,2018-07-05,74.45,75.11,74.45,74.45,7525,5129
2798,OQU18,2018-07-06,74.22,74.25,74.22,74.22,3560,6297
2799,OQU18,2018-07-09,75.22,75.22,74.84,75.22,2830,7363
2800,OQU18,2018-07-10,76.16,76.16,76.11,76.16,3147,8713
2801,OQU18,2018-07-11,71.2,74.79,71.2,71.2,3406,9775
2802,OQU18,2018-07-12,72.4,72.6,72.4,72.4,3639,11198
2803,OQU18,2018-07-13,73.35,73.35,71.63,73.35,3601,12253
2804,OQU18,2018-07-16,69.83,73.07,69.83,69.83,3602,13547
2805,OQU18,2018-07-17,70.41,70.5,70.41,70.41,2595,14533
2806,OQU18,2018-07-18,71.3,71.3,69.71,71.3,5138,16189
2807,OQU18,2018-07-19,71.0,71.0,70.55,71.0,3310,17413
2808,OQU18,2018-07-20,71.07,71.53,71.07,71.07,3393,18779
2809,OQU18,2018-07-23,71.38,71.59,71.38,71.38,4644,19458
2810,OQU18,2018-07-24,72.2,72.2,71.74,72.2,3290,20735
2811,OQU18,2018-07-25,72.83,72.83,72.81,72.83,3706,22167
2812,OQU18,2018-07-26,74.0,74.0,73.81,74.0,2636,23495
2813,OQU18,2018-07-27,73.65,73.76,73.65,73.65,2466,24821
2814,OQU18,2018-07-30,73.6,73.6,72.44,73.6,1192,25920
2815,OQU18,2018-07-31,73.51,73.51,73.51,73.51,5502,22876
2816,OQV18,2018-08-01,70.94,72.39,70.94,70.94,1909,963
2817,OQV18,2018-08-02,72.32,72.32,71.33,72.32,2789,2030
2818,OQV18,2018-08-03,71.88,72.0,71.88,71.88,2310,2968
2819,OQV18,2018-08-06,72.52,72.52,72.42,72.52,2805,4173
2820,OQV18,2018-08-07,73.4,73.4,72.9,73.4,3315,5482
2821,OQV18,2018-08-08,71.13,73.49,71.13,71.13,2245,6508
2822,OQV18,2018-08-09,71.05,71.38,71.05,71.05,2573,7348
2823,OQV18,2018-08-10,71.73,71.73,70.71,71.73,2512,8229
2824,OQV18,2018-08-13,71.47,71.55,71.47,71.47,2306,9298
2825,OQV18,2018-08-14,71.34,72.08,71.34,71.34,2390,10091
2826,OQV18,2018-08-15,69.74,70.88,69.74,69.74,2202,10919
2827,OQV18,2018-08-16,70.41,70.41,70.0,70.41,2086,11750
2828,OQV18,2018-08-17,70.69,70.69,70.61,70.69,2133,12823
2829,OQV18,2018-08-20,71.08,71.08,71.0,71.08,2942,13739
2830,OQV18,2018-08-21,71.58,71.58,71.4,71.58,2814,14882
2831,OQV18,2018-08-22,73.86,73.86,72.4,73.86,2359,15848
2832,OQV18,2018-08-23,73.82,73.82,73.51,73.82,2975,16848
2833,OQV18,2018-08-24,74.82,74.82,74.39,74.82,3853,16250
2834,OQV18,2018-08-27,75.06,75.06,74.46,75.06,2996,16964
2835,OQV18,2018-08-28,74.63,75.2,74.63,74.63,3407,18406
2836,OQV18,2018-08-29,75.95,75.95,74.59,75.95,2554,19760
2837,OQV18,2018-08-30,76.33,76.33,76.29,76.33,1875,21517
2838,OQX18,2018-08-31,75.79,75.79,75.78,75.79,280,127
2839,OQX18,2018-09-04,76.62,77.29,76.29,76.62,7762,3014
2840,OQX18,2018-09-05,75.75,76.25,75.75,75.75,3560,4311
2841,OQX18,2018-09-06,75.1,75.82,75.1,75.1,4003,5730
2842,OQX18,2018-09-07,75.33,75.33,75.26,75.33,3454,7160
2843,OQX18,2018-09-10,75.78,76.28,75.78,75.78,3909,8925
2844,OQX18,2018-09-11,77.66,77.66,76.64,77.66,4285,10207
2845,OQX18,2018-09-12,78.48,78.48,77.95,78.48,4397,11511
2846,OQX18,2018-09-13,76.78,77.69,76.78,76.78,4454,13106
2847,OQX18,2018-09-14,76.51,76.93,76.51,76.51,4617,14665
2848,OQX18,2018-09-17,76.37,76.96,76.37,76.37,5617,16381
2849,OQX18,2018-09-18,77.65,77.65,76.31,77.65,5152,17363
2850,OQX18,2018-09-19,77.92,77.92,77.59,77.92,4173,18923
2851,OQX18,2018-09-20,77.38,78.16,77.38,77.38,4810,20431
2852,OQX18,2018-09-21,77.6,78.04,77.6,77.6,4071,21984
2853,OQX18,2018-09-24,80.7,80.7,80.02,80.7,5022,23272
2854,OQX18,2018-09-25,86.15,86.15,82.53,86.15,2399,24582
2855,OQX18,2018-09-26,85.5,88.96,85.5,85.5,2825,26938
2856,OQX18,2018-09-27,84.13,84.62,84.13,84.13,1449,28195
2857,OQX18,2018-09-28,84.86,84.86,84.86,84.86,5730,24925
2858,OQZ18,2018-10-01,83.95,83.95,81.67,83.95,3357,1203
2859,OQZ18,2018-10-02,84.2,84.23,84.2,84.2,3525,2646
2860,OQZ18,2018-10-03,85.79,85.79,84.72,85.79,3020,3760
2861,OQZ18,2018-10-04,84.1,85.35,84.1,84.1,2702,4738
2862,OQZ18,2018-10-05,83.84,84.32,83.84,83.84,2471,5710
2863,OQZ18,2018-10-08,83.4,83.4,82.43,83.4,2872,6921
2864,OQZ18,2018-10-09,84.42,84.42,83.87,84.42,3280,8132
2865,OQZ18,2018-10-10,82.35,83.83,82.35,82.35,2622,9232
2866,OQZ18,2018-10-11,79.55,81.39,79.55,79.55,3695,10230
2867,OQZ18,2018-10-12,79.72,80.02,79.72,79.72,3347,11375
2868,OQZ18,2018-10-15,79.57,79.89,79.57,79.57,3347,11375
2869,OQZ18,2018-10-16,80.52,80.52,79.32,80.52,2687,13541
2870,OQZ18,2018-10-17,79.18,80.89,79.18,79.18,2122,14474
2871,OQZ18,2018-10-18,78.53,78.96,78.53,78.53,2398,15538
2872,OQZ18,2018-10-19,79.0,79.0,78.71,79.0,3414,16683
2873,OQZ18,2018-10-22,79.21,79.68,79.21,79.21,2483,17944
2874,OQZ18,2018-10-23,76.23,78.67,76.23,76.23,3053,19291
2875,OQZ18,2018-10-24,76.2,76.2,75.42,76.2,3533,20598
2876,OQZ18,2018-10-25,76.65,76.65,75.86,76.65,5639,21955
2877,OQZ18,2018-10-26,77.0,77.0,76.1,77.0,3126,23313
2878,OQZ18,2018-10-29,76.0,76.14,76.0,76.0,1357,24471
2879,OQZ18,2018-10-30,75.3,76.68,75.3,75.3,1593,25891
2880,OQZ18,2018-10-31,76.4,76.4,76.4,76.4,2938,23228
2881,OQF19,2018-11-01,71.8,71.8,71.8,71.8,1935,954
2882,OQF19,2018-11-02,71.78,71.78,71.78,71.78,2137,1752
2883,OQF19,2018-11-05,72.38,72.38,71.42,72.38,1612,2418
2884,OQF19,2018-11-06,71.13,71.13,71.13,71.13,2107,3314
2885,OQF19,2018-11-07,71.2,71.2,71.2,71.2,3167,4503
2886,OQF19,2018-11-08,69.72,69.72,69.72,69.72,2558,5476
2887,OQF19,2018-11-09,69.58,69.58,69.58,69.58,2215,6322
2888,OQF19,2018-11-12,69.61,69.61,69.61,69.61,2778,7492
2889,OQF19,2018-11-13,65.01,65.01,65.01,65.01,5262,9089
2890,OQF19,2018-11-14,65.69,65.69,64.87,65.69,3250,10202
2891,OQF19,2018-11-15,66.22,66.22,66.22,66.22,2703,11344
2892,OQF19,2018-11-16,66.2,66.2,66.2,66.2,4023,12811
2893,OQF19,2018-11-19,66.6,66.6,66.6,66.6,3082,14169
2894,OQF19,2018-11-20,62.24,62.24,62.24,62.24,3480,15344
2895,OQF19,2018-11-21,63.36,63.36,63.36,63.36,0,15548
2896,OQF19,2018-11-23,58.7,58.7,58.7,58.7,6589,18178
2897,OQF19,2018-11-26,60.17,60.17,60.17,60.17,1721,18962
2898,OQF19,2018-11-27,59.52,59.52,58.98,59.52,2398,19801
2899,OQF19,2018-11-28,58.6,61.3,58.6,58.6,2382,20041
2900,OQF19,2018-11-29,59.55,59.55,59.55,59.55,843,20506
2901,OQG19,2018-11-30,58.98,58.98,58.98,58.98,50,73
2902,OQG19,2018-12-03,61.25,61.77,61.25,61.25,2977,945
2903,OQG19,2018-12-04,61.39,61.39,61.39,61.39,2829,1992
2904,OQG19,2018-12-05,60.52,60.52,60.03,60.52,2706,2918
2905,OQG19,2018-12-06,59.3,59.3,59.3,59.3,2755,3812
2906,OQG19,2018-12-07,60.57,60.57,60.57,60.57,3634,4604
2907,OQG19,2018-12-10,58.69,58.69,58.69,58.69,2951,5558
2908,OQG19,2018-12-11,58.9,58.9,58.9,58.9,2712,6444
2909,OQG19,2018-12-12,58.95,58.95,58.95,58.95,2609,7156
2910,OQG19,2018-12-13,60.45,60.45,60.45,60.45,3047,8096
2911,OQG19,2018-12-14,59.3,59.3,59.3,59.3,3120,9238
2912,OQG19,2018-12-17,58.75,58.75,58.75,58.75,3722,10325
2913,OQG19,2018-12-18,55.23,55.23,55.23,55.23,3031,11641
2914,OQG19,2018-12-19,56.62,56.62,55.41,56.62,3367,12632
2915,OQG19,2018-12-20,54.3,55.85,54.3,54.3,3832,13198
2916,OQG19,2018-12-21,53.8,54.94,53.8,53.8,2365,14418
2917,OQG19,2018-12-24,50.1,53.78,50.1,50.1,0,15120
2918,OQG19,2018-12-26,53.97,53.97,49.85,53.97,1613,15570
2919,OQG19,2018-12-27,51.85,51.85,51.85,51.85,1121,16138
2920,OQG19,2018-12-28,52.15,53.66,52.15,52.15,729,16788
2921,OQH19,2018-12-31,53.19,53.91,53.19,53.19,102,90
2922,OQH19,2019-01-02,54.3,54.3,52.01,54.3,1780,676
2923,OQH19,2019-01-03,55.2,55.2,53.23,55.2,2361,1713
2924,OQH19,2019-01-04,56.0,56.0,55.62,56.0,3992,3075
2925,OQH19,2019-01-07,56.27,56.27,56.27,56.27,3601,4256
2926,OQH19,2019-01-08,57.63,57.63,57.63,57.63,2966,5363
2927,OQH19,2019-01-09,60.5,60.5,58.16,60.5,3006,6327
2928,OQH19,2019-01-10,61.01,61.01,61.01,61.01,2251,7090
2929,OQH19,2019-01-11,59.95,59.95,59.95,59.95,2560,7856
2930,OQH19,2019-01-14,58.78,58.78,58.78,58.78,3118,8683
2931,OQH19,2019-01-15,60.24,60.24,60.24,60.24,2282,9357
2932,OQH19,2019-01-16,60.9,60.9,60.9,60.9,4755,10109
2933,OQH19,2019-01-17,60.8,60.8,60.8,60.8,3112,10861
2934,OQH19,2019-01-18,62.55,62.55,62.55,62.55,0,11630
2935,OQH19,2019-01-22,61.15,61.15,61.15,61.15,4690,12948
2936,OQH19,2019-01-23,60.94,60.94,60.94,60.94,3130,13347
2937,OQH19,2019-01-24,61.07,61.07,61.07,61.07,2684,13963
2938,OQH19,2019-01-25,61.51,61.51,61.51,61.51,2407,14744
2939,OQH19,2019-01-28,59.65,60.65,59.65,59.65,3279,14556
2940,OQH19,2019-01-29,60.93,60.93,59.4,60.93,1591,15305
2941,OQH19,2019-01-30,61.28,61.69,60.98,61.28,698,15727
2942,OQJ19,2019-01-31,60.79,60.79,60.79,60.79,118,58
2943,OQJ19,2019-02-01,63.15,63.15,63.15,63.15,3510,1541
2944,OQJ19,2019-02-04,62.91,62.91,62.91,62.91,3623,2347
2945,OQJ19,2019-02-05,62.2,62.2,62.2,62.2,1851,3218
2946,OQJ19,2019-02-06,62.77,62.77,62.77,62.77,2294,4023
2947,OQJ19,2019-02-07,62.05,62.05,62.05,62.05,2661,5320
2948,OQJ19,2019-02-08,62.42,62.42,62.42,62.42,3909,6883
2949,OQJ19,2019-02-11,61.85,61.85,61.85,61.85,3719,7930
2950,OQJ19,2019-02-12,62.92,62.92,62.92,62.92,2750,8735
2951,OQJ19,2019-02-13,64.13,64.13,64.13,64.13,3573,9896
2952,OQJ19,2019-02-14,65.57,65.57,65.57,65.57,3011,10906
2953,OQJ19,2019-02-15,66.73,66.73,66.73,66.73,0,11774
2954,OQJ19,2019-02-19,66.5,66.5,66.5,66.5,7316,14089
2955,OQJ19,2019-02-20,67.18,67.18,67.18,67.18,2988,15006
2956,OQJ19,2019-02-21,67.27,67.27,67.27,67.27,4264,16263
2957,OQJ19,2019-02-22,67.27,67.27,67.0,67.27,4097,17450
2958,OQJ19,2019-02-25,64.9,64.9,64.9,64.9,2153,18733
2959,OQJ19,2019-02-26,65.4,65.4,64.26,65.4,3980,18607
2960,OQJ19,2019-02-27,66.6,66.6,65.08,66.6,1386,19881
2961,OQK19,2019-02-28,66.15,66.15,66.15,66.15,138,93
2962,OQK19,2019-03-01,64.92,66.73,64.92,64.92,1882,1127
2963,OQK19,2019-03-04,65.64,65.64,65.64,65.64,2797,2186
2964,OQK19,2019-03-05,66.0,66.0,66.0,66.0,3521,3294
2965,OQK19,2019-03-06,66.3,66.3,65.7,66.3,4757,4254
2966,OQK19,2019-03-07,66.65,66.65,66.49,66.65,3551,5329
2967,OQK19,2019-03-08,66.05,66.05,66.05,66.05,3388,6494
2968,OQK19,2019-03-11,66.9,66.9,66.9,66.9,2916,7421
2969,OQK19,2019-03-12,67.12,67.12,67.12,67.12,3420,8305
2970,OQK19,2019-03-13,67.95,67.95,67.95,67.95,4386,9278
2971,OQK19,2019-03-14,67.53,68.37,67.53,67.53,2928,10318
2972,OQK19,2019-03-15,67.31,67.86,67.31,67.31,3442,11268
2973,OQK19,2019-03-18,67.59,67.59,67.59,67.59,2933,12368
2974,OQK19,2019-03-19,67.48,67.48,67.48,67.48,3478,13139
2975,OQK19,2019-03-20,68.32,68.32,68.32,68.32,5538,13713
2976,OQK19,2019-03-21,67.55,68.45,67.55,67.55,3668,14783
2977,OQK19,2019-03-22,66.83,66.83,66.83,66.83,4069,16035
2978,OQK19,2019-03-25,66.9,66.9,66.37,66.9,3224,17043
2979,OQK19,2019-03-26,67.51,67.51,67.51,67.51,3533,18567
2980,OQK19,2019-03-27,67.03,67.89,67.03,67.03,2376,19680
2981,OQK19,2019-03-28,66.97,66.97,66.97,66.97,834,20228
2982,OQM19,2019-03-29,67.35,67.35,67.35,67.35,192,56
2983,OQM19,2019-04-01,68.78,68.78,68.08,68.78,3252,1051
2984,OQM19,2019-04-02,69.17,69.17,69.17,69.17,3381,2306
2985,OQM19,2019-04-03,69.04,69.68,69.04,69.04,4673,3549
2986,OQM19,2019-04-04,69.18,69.18,68.68,69.18,3312,4798
2987,OQM19,2019-04-05,70.15,70.15,68.81,70.15,4506,6022
2988,OQM19,2019-04-08,70.7,70.7,70.7,70.7,2962,7307
2989,OQM19,2019-04-09,70.3,70.85,70.3,70.3,2984,8618
2990,OQM19,2019-04-10,71.18,71.18,71.18,71.18,2898,9968
2991,OQM19,2019-04-11,70.13,70.13,70.13,70.13,4082,11041
2992,OQM19,2019-04-12,70.62,70.62,70.37,70.62,2160,12029
2993,OQM19,2019-04-15,70.36,70.79,70.36,70.36,3219,13127
2994,OQM19,2019-04-16,71.32,71.32,70.16,71.32,2955,13969
2995,OQM19,2019-04-17,71.08,71.08,71.08,71.08,3850,14481
2996,OQM19,2019-04-18,71.75,71.75,71.75,71.75,0,15479
2997,OQM19,2019-04-22,73.69,73.94,73.69,73.69,2659,16235
2998,OQM19,2019-04-23,74.18,74.18,73.83,74.18,3279,17109
2999,OQM19,2019-04-24,74.25,74.25,74.25,74.25,5014,17854
3000,OQM19,2019-04-25,73.6,74.85,73.6,73.6,2691,18624
3001,OQM19,2019-04-26,71.75,73.75,71.75,71.75,1817,18932
3002,OQM19,2019-04-29,71.68,71.68,70.42,71.68,884,19654
3003,OQN19,2019-04-30,71.8,71.8,71.8,71.8,109,76
3004,OQN19,2019-05-01,72.23,72.23,72.23,72.23,2669,1080
3005,OQN19,2019-05-02,71.08,71.08,71.08,71.08,2708,2066
3006,OQN19,2019-05-03,71.0,71.0,70.17,71.0,2114,3105
3007,OQN19,2019-05-06,71.34,71.34,69.65,71.34,1868,3835
3008,OQN19,2019-05-07,69.95,69.95,69.95,69.95,2966,4603
3009,OQN19,2019-05-08,70.24,70.24,70.24,70.24,2767,5373
3010,OQN19,2019-05-09,70.25,70.25,70.25,70.25,2624,6416
3011,OQN19,2019-05-10,70.88,70.88,70.56,70.88,2499,7047
3012,OQN19,2019-05-13,70.33,70.33,70.33,70.33,2618,7769
3013,OQN19,2019-05-14,71.45,71.45,70.21,71.45,2686,8747
3014,OQN19,2019-05-15,71.7,71.7,71.7,71.7,2950,9219
3015,OQN19,2019-05-16,72.85,72.85,72.85,72.85,3342,10304
3016,OQN19,2019-05-17,72.1,72.1,72.1,72.1,2458,11090
3017,OQN19,2019-05-20,71.42,73.06,70.71,71.42,2480,11777
3018,OQN19,2019-05-21,71.8,71.8,71.5,71.8,1350,12478
3019,OQN19,2019-05-22,70.42,70.42,70.42,70.42,2370,13358
3020,OQN19,2019-05-23,66.65,66.65,66.65,66.65,1455,14161
3021,OQN19,2019-05-24,67.5,67.5,67.5,67.5,0,15994
3022,OQN19,2019-05-28,68.35,68.76,67.05,68.35,4214,18106
3023,OQN19,2019-05-29,66.95,66.95,66.43,66.95,830,18601
3024,OQN19,2019-05-30,64.12,64.12,64.12,64.12,339,18892
3025,OQQ19,2019-05-31,61.52,64.2,61.52,61.52,86,332
3026,OQQ19,2019-06-03,60.75,60.75,60.3,60.75,1958,981
3027,OQQ19,2019-06-04,61.18,61.18,61.18,61.18,3022,2064
3028,OQQ19,2019-06-05,59.3,59.3,59.3,59.3,2260,3122
3029,OQQ19,2019-06-06,60.17,60.17,60.17,60.17,2372,4271
3030,OQQ19,2019-06-07,61.8,61.8,61.8,61.8,1862,5068
3031,OQQ19,2019-06-10,61.05,61.05,61.05,61.05,1756,5965
3032,OQQ19,2019-06-11,61.38,61.38,61.38,61.38,2216,6828
3033,OQQ19,2019-06-12,59.03,59.03,59.03,59.03,2515,7853
3034,OQQ19,2019-06-13,60.35,60.35,60.35,60.35,2013,8842
3035,OQQ19,2019-06-14,60.9,60.98,59.8,60.9,2168,9858
3036,OQQ19,2019-06-17,59.95,61.07,59.95,59.95,2406,10883
3037,OQQ19,2019-06-18,61.23,61.23,61.23,61.23,2223,11815
3038,OQQ19,2019-06-19,60.95,60.95,60.95,60.95,3538,13029
3039,OQQ19,2019-06-20,63.85,63.85,63.85,63.85,2769,13945
3040,OQQ19,2019-06-21,64.4,64.4,64.4,64.4,3403,15295
3041,OQQ19,2019-06-24,63.4,63.4,63.4,63.4,2091,16418
3042,OQQ19,2019-06-25,62.95,63.44,62.2,62.95,3601,17381
3043,OQQ19,2019-06-26,64.85,64.85,63.7,64.85,1327,18385
3044,OQQ19,2019-06-27,64.78,64.78,64.11,64.78,1018,19084
3045,OQU19,2019-06-28,64.27,64.31,63.83,64.27,74,335
3046,OQU19,2019-07-01,63.79,63.79,63.79,63.79,2993,1144
3047,OQU19,2019-07-02,61.2,61.2,61.2,61.2,4084,2494
3048,OQU19,2019-07-03,62.55,62.55,60.85,62.55,0,3374
3049,OQU19,2019-07-05,63.15,63.15,63.15,63.15,6646,4729
3050,OQU19,2019-07-08,63.06,63.06,63.06,63.06,2969,5691
3051,OQU19,2019-07-09,63.28,63.28,63.28,63.28,3270,6635
3052,OQU19,2019-07-10,66.15,66.15,66.15,66.15,3419,7667
3053,OQU19,2019-07-11,66.47,66.84,66.47,66.47,4537,8344
3054,OQU19,2019-07-12,65.81,66.73,65.81,65.81,1526,8800
3055,OQU19,2019-07-15,65.44,65.44,65.44,65.44,2113,9746
3056,OQU19,2019-07-16,63.14,63.14,63.14,63.14,2812,10200
3057,OQU19,2019-07-17,62.53,62.53,62.53,62.53,2913,10881
3058,OQU19,2019-07-18,61.12,61.12,61.12,61.12,2877,11385
3059,OQU19,2019-07-19,62.04,62.04,62.04,62.04,3654,12433
3060,OQU19,2019-07-22,62.98,63.84,62.98,62.98,3451,13235
3061,OQU19,2019-07-23,63.3,63.3,63.3,63.3,4226,14265
3062,OQU19,2019-07-24,62.88,64.32,62.88,62.88,3077,15265
3063,OQU19,2019-07-25,63.9,63.9,63.59,63.9,2302,15820
3064,OQU19,2019-07-26,64.0,64.0,63.5,64.0,1779,17058
3065,OQU19,2019-07-29,64.2,64.2,62.71,64.2,1056,17872
3066,OQU19,2019-07-30,64.5,64.5,63.57,64.5,807,18048
3067,OQV19,2019-07-31,63.95,64.03,63.95,63.95,224,427
3068,OQV19,2019-08-01,59.9,64.03,59.9,59.9,2725,1681
3069,OQV19,2019-08-02,61.48,61.48,61.48,61.48,4504,3118
3070,OQV19,2019-08-05,59.47,59.47,59.47,59.47,2522,4059
3071,OQV19,2019-08-06,58.54,58.54,58.54,58.54,3091,4938
3072,OQV19,2019-08-07,56.17,58.83,56.17,56.17,3162,6004
3073,OQV19,2019-08-08,57.56,57.56,57.56,57.56,2811,6998
3074,OQV19,2019-08-09,58.3,58.3,57.6,58.3,2050,7789
3075,OQV19,2019-08-12,58.48,58.48,58.48,58.48,1871,8522
3076,OQV19,2019-08-13,60.95,60.95,60.95,60.95,2495,9534
3077,OQV19,2019-08-14,59.1,59.1,59.1,59.1,2771,10507
3078,OQV19,2019-08-15,58.02,59.16,58.02,58.02,2822,11379
3079,OQV19,2019-08-16,58.44,59.58,58.44,58.44,2807,12307
3080,OQV19,2019-08-19,59.54,59.54,59.54,59.54,2479,12964
3081,OQV19,2019-08-20,60.0,60.18,60.0,60.0,1946,13568
3082,OQV19,2019-08-21,60.76,60.76,60.76,60.76,2601,14366
3083,OQV19,2019-08-22,60.61,61.32,60.61,60.61,2165,14545
3084,OQV19,2019-08-23,59.64,60.45,59.64,59.64,2226,15059
3085,OQV19,2019-08-26,58.42,58.42,58.42,58.42,3132,15315
3086,OQV19,2019-08-27,58.75,58.96,58.75,58.75,3759,17258
3087,OQV19,2019-08-28,59.77,59.77,59.04,59.77,1415,18262
3088,OQV19,2019-08-29,59.98,60.22,58.87,59.98,1306,18548
3089,OQX19,2019-08-30,59.1,60.4,59.1,59.1,0,145
3090,OQX19,2019-09-03,57.48,58.77,57.48,57.48,7076,2498
3091,OQX19,2019-09-04,59.5,59.5,59.5,59.5,5018,3328
3092,OQX19,2019-09-05,59.88,59.88,59.06,59.88,3021,4283
3093,OQX19,2019-09-06,60.54,60.54,60.54,60.54,4739,5291
3094,OQX19,2019-09-09,61.8,61.8,60.95,61.8,2284,6110
3095,OQX19,2019-09-10,61.48,61.48,61.48,61.48,1753,6983
3096,OQX19,2019-09-11,59.71,59.71,59.71,59.71,4441,8249
3097,OQX19,2019-09-12,59.53,60.36,59.53,59.53,4404,9571
3098,OQX19,2019-09-13,59.35,59.35,59.35,59.35,3182,10493
3099,OQX19,2019-09-16,67.9,67.9,67.9,67.9,2111,11578
3100,OQX19,2019-09-17,64.1,68.58,64.1,64.1,2158,12334
3101,OQX19,2019-09-18,62.88,62.88,62.88,62.88,4177,12783
3102,OQX19,2019-09-19,63.95,63.95,63.06,63.95,4955,13695
3103,OQX19,2019-09-20,63.9,64.97,63.9,63.9,2087,13829
3104,OQX19,2019-09-23,63.82,63.82,63.82,63.82,3120,14273
3105,OQX19,2019-09-24,62.7,62.7,62.7,62.7,3302,15160
3106,OQX19,2019-09-25,62.26,62.26,62.26,62.26,2949,16224
3107,OQX19,2019-09-26,62.54,62.54,61.33,62.54,1465,17065
3108,OQX19,2019-09-27,62.1,62.9,62.1,62.1,732,17557
3109,OQZ19,2019-09-30,58.65,60.26,58.65,58.65,228,156
3110,OQZ19,2019-10-01,58.7,59.83,58.7,58.7,2346,986
3111,OQZ19,2019-10-02,57.9,59.35,57.9,57.9,3361,1779
3112,OQZ19,2019-10-03,57.99,57.99,57.99,57.99,3795,2793
3113,OQZ19,2019-10-04,58.75,58.75,58.75,58.75,2700,3728
3114,OQZ19,2019-10-07,58.69,58.69,58.69,58.69,2101,4467
3115,OQZ19,2019-10-08,58.74,58.74,58.74,58.74,2275,5201
3116,OQZ19,2019-10-09,58.85,58.85,58.5,58.85,2475,5940
3117,OQZ19,2019-10-10,59.42,59.42,59.42,59.42,2772,6720
3118,OQZ19,2019-10-11,61.43,61.55,61.43,61.43,2708,7905
3119,OQZ19,2019-10-14,60.4,60.4,60.4,60.4,2261,8769
3120,OQZ19,2019-10-15,60.1,60.1,60.1,60.1,1894,9543
3121,OQZ19,2019-10-16,60.55,60.55,60.55,60.55,2244,10469
3122,OQZ19,2019-10-17,60.99,60.99,60.99,60.99,3354,11129
3123,OQZ19,2019-10-18,60.35,60.35,60.35,60.35,2793,11456
3124,OQZ19,2019-10-21,59.9,60.36,59.9,59.9,3011,12253
3125,OQZ19,2019-10-22,60.45,60.45,60.45,60.45,4420,12647
3126,OQZ19,2019-10-23,62.38,62.38,62.38,62.38,3066,13271
3127,OQZ19,2019-10-24,63.25,63.25,63.25,63.25,2958,13748
3128,OQZ19,2019-10-25,62.4,62.4,62.04,62.4,1872,14515
3129,OQZ19,2019-10-28,61.68,62.76,61.52,61.68,1956,15261
3130,OQZ19,2019-10-29,61.4,61.41,60.4,61.4,1592,16561
3131,OQZ19,2019-10-30,60.7,61.86,60.7,60.7,1145,16711
3132,OQF20,2019-10-31,59.77,60.87,59.77,59.77,137,227
3133,OQF20,2019-11-01,62.0,62.0,62.0,62.0,3616,1388
3134,OQF20,2019-11-04,62.45,62.45,62.45,62.45,3265,2380
3135,OQF20,2019-11-05,63.01,63.01,63.01,63.01,2124,2933
3136,OQF20,2019-11-06,62.0,62.0,62.0,62.0,2036,3637
3137,OQF20,2019-11-07,62.2,62.2,62.03,62.2,1984,4094
3138,OQF20,2019-11-08,62.76,62.76,62.76,62.76,2312,4658
3139,OQF20,2019-11-11,62.74,62.74,62.74,62.74,3939,5600
3140,OQF20,2019-11-12,62.98,62.98,62.89,62.98,3692,6697
3141,OQF20,2019-11-13,63.3,63.3,62.3,63.3,2658,7239
3142,OQF20,2019-11-14,63.05,63.05,63.05,63.05,1794,7666
3143,OQF20,2019-11-15,63.65,63.65,63.65,63.65,1880,8268
3144,OQF20,2019-11-18,62.9,62.9,62.9,62.9,2891,8999
3145,OQF20,2019-11-19,61.46,61.46,61.46,61.46,2158,9710
3146,OQF20,2019-11-20,63.35,63.35,63.35,63.35,3271,9882
3147,OQF20,2019-11-21,64.89,64.89,64.89,64.89,2678,10050
3148,OQF20,2019-11-22,64.14,64.78,64.14,64.14,2157,10308
3149,OQF20,2019-11-25,63.34,63.34,62.86,63.34,3500,9682
3150,OQF20,2019-11-26,63.83,63.83,62.42,63.83,1641,10314
3151,OQG20,2019-11-27,63.47,63.9,63.47,63.47,0,113
3152,OQG20,2019-11-29,60.78,63.66,60.78,60.78,58,127
3153,OQG20,2019-12-02,61.39,61.39,61.39,61.39,2563,1074
3154,OQG20,2019-12-03,61.68,62.43,61.68,61.68,2783,1910
3155,OQG20,2019-12-04,63.7,63.7,63.7,63.7,2743,2760
3156,OQG20,2019-12-05,64.24,64.24,64.24,64.24,2432,3632
3157,OQG20,2019-12-06,65.11,65.11,65.11,65.11,1226,4058
3158,OQG20,2019-12-09,64.95,64.96,64.95,64.95,1465,4645
3159,OQG20,2019-12-10,65.04,65.04,65.04,65.04,1870,5235
3160,OQG20,2019-12-11,64.38,64.38,64.38,64.38,1748,5693
3161,OQG20,2019-12-12,65.0,65.0,64.61,65.0,3603,6267
3162,OQG20,2019-12-13,66.12,66.12,66.12,66.12,2189,6771
3163,OQG20,2019-12-16,66.22,66.22,66.22,66.22,2899,7368
3164,OQG20,2019-12-17,66.8,66.8,66.8,66.8,1548,7731
3165,OQG20,2019-12-18,66.82,66.82,66.82,66.82,2454,7783
3166,OQG20,2019-12-19,67.12,67.12,66.64,67.12,2011,8357
3167,OQG20,2019-12-20,66.83,67.32,66.83,66.83,3001,8954
3168,OQG20,2019-12-23,66.9,66.9,66.19,66.9,3425,8985
3169,OQG20,2019-12-24,67.16,67.16,66.35,67.16,0,9155
3170,OQG20,2019-12-26,68.07,68.07,67.29,68.07,2213,10091
3171,OQG20,2019-12-27,67.9,67.9,67.4,67.9,1433,10782
3172,OQG20,2019-12-30,68.3,68.52,68.09,68.3,520,11254
3173,OQH20,2019-12-31,65.74,65.8,65.56,65.74,151,150
3174,OQH20,2020-01-02,66.23,66.64,66.23,66.23,2138,826
3175,OQH20,2020-01-03,68.8,68.8,68.24,68.8,1564,1297
3176,OQH20,2020-01-06,69.17,70.82,69.17,69.17,1562,1913
3177,OQH20,2020-01-07,68.87,68.87,68.87,68.87,1402,2409
3178,OQH20,2020-01-08,66.0,70.14,66.0,66.0,1022,2909
3179,OQH20,2020-01-09,66.02,66.02,66.02,66.02,1346,3163
3180,OQH20,2020-01-10,66.1,66.54,66.1,66.1,2012,3766
3181,OQH20,2020-01-13,65.3,65.3,65.3,65.3,1979,4207
3182,OQH20,2020-01-14,65.49,65.49,65.49,65.49,2662,5109
3183,OQH20,2020-01-15,64.93,64.93,64.93,64.93,2130,5890
3184,OQH20,2020-01-16,65.43,65.43,65.43,65.43,2078,6709
3185,OQH20,2020-01-17,65.3,65.3,65.17,65.3,0,7903
3186,OQH20,2020-01-21,64.95,66.05,64.95,64.95,3763,9106
3187,OQH20,2020-01-22,63.77,65.49,63.77,63.77,3052,9378
3188,OQH20,2020-01-23,62.67,63.38,62.67,62.67,2220,10098
3189,OQH20,2020-01-24,61.0,62.98,61.0,61.0,1098,10807
3190,OQH20,2020-01-27,59.77,60.21,59.77,59.77,1728,11300
3191,OQH20,2020-01-28,62.0,62.66,62.0,62.0,1285,12022
3192,OQH20,2020-01-29,61.97,63.5,61.71,61.97,1688,12045
3193,OQH20,2020-01-30,59.1,59.3,55.49,59.1,930,12698
3194,OQJ20,2020-01-31,56.57,58.24,56.57,56.57,153,159
3195,OQJ20,2020-02-03,54.6,54.6,54.6,54.6,1818,1103
3196,OQJ20,2020-02-04,53.05,53.05,53.05,53.05,2721,2042
3197,OQJ20,2020-02-05,54.31,54.31,53.56,54.31,2530,2753
3198,OQJ20,2020-02-06,54.45,54.45,54.45,54.45,1661,3448
3199,OQJ20,2020-02-07,53.64,54.6,53.64,53.64,2934,4089
3200,OQJ20,2020-02-10,52.5,52.5,52.5,52.5,2217,4973
3201,OQJ20,2020-02-11,53.36,53.36,53.06,53.36,2415,5758
3202,OQJ20,2020-02-12,54.87,55.5,54.87,54.87,2745,6654
3203,OQJ20,2020-02-13,55.6,55.6,55.6,55.6,3341,7724
3204,OQJ20,2020-02-14,56.5,56.5,56.5,56.5,0,9142
3205,OQJ20,2020-02-18,56.76,56.8,55.55,56.76,8252,10993
3206,OQJ20,2020-02-19,57.8,57.8,56.99,57.8,5170,11370
3207,OQJ20,2020-02-20,58.0,58.0,57.61,58.0,3998,11942
3208,OQJ20,2020-02-21,57.35,57.35,57.35,57.35,3780,12166
3209,OQJ20,2020-02-24,55.09,55.09,55.09,55.09,5180,12059
3210,OQJ20,2020-02-25,53.65,53.65,53.65,53.65,1538,12513
3211,OQJ20,2020-02-26,51.39,51.39,51.39,51.39,978,13145
3212,OQJ20,2020-02-27,49.74,50.63,49.74,49.74,552,13528
3213,OQK20,2020-02-28,48.87,49.89,48.87,48.87,197,71
3214,OQK20,2020-03-02,50.97,51.76,50.97,50.97,2255,751
3215,OQK20,2020-03-03,51.31,51.31,51.31,51.31,3418,1549
3216,OQK20,2020-03-04,50.78,50.78,50.78,50.78,2299,2293
3217,OQK20,2020-03-05,49.78,49.78,49.78,49.78,3006,2985
3218,OQK20,2020-03-06,45.22,45.22,45.22,45.22,3249,3865
3219,OQK20,2020-03-09,33.05,35.31,33.05,33.05,787,4345
3220,OQK20,2020-03-10,35.07,35.07,35.07,35.07,1574,5013
3221,OQK20,2020-03-11,35.15,35.15,35.12,35.15,2172,6236
3222,OQK20,2020-03-12,32.9,33.92,32.9,32.9,930,6719
3223,OQK20,2020-03-13,34.29,35.23,34.18,34.29,1680,7633
3224,OQK20,2020-03-16,30.0,31.85,30.0,30.0,1998,8424
3225,OQK20,2020-03-17,29.53,31.69,29.53,29.53,3340,8837
3226,OQK20,2020-03-18,26.85,30.3,26.85,26.85,2255,8948
3227,OQK20,2020-03-19,30.1,30.1,27.93,30.1,3450,8966
3228,OQK20,2020-03-20,28.95,28.95,27.99,28.95,3192,8552
3229,OQK20,2020-03-23,27.68,27.68,25.95,27.68,2996,8367
3230,OQK20,2020-03-24,27.3,28.46,27.3,27.3,1020,8512
3231,OQK20,2020-03-25,28.98,29.59,28.98,28.98,1255,8433
3232,OQK20,2020-03-26,28.3,28.3,27.8,28.3,1377,8730
3233,OQK20,2020-03-27,26.35,26.46,25.03,26.35,1501,9184
3234,OQK20,2020-03-30,23.8,23.8,23.58,23.8,455,9510
3235,OQM20,2020-03-31,27.1,28.13,26.85,27.1,25,31
3236,OQM20,2020-04-01,22.5,22.5,22.28,22.5,0,0
3237,OQM20,2020-04-02,26.45,26.45,22.96,26.45,1661,1481
3238,OQM20,2020-04-03,31.95,31.95,27.55,31.95,1339,1851
3239,OQM20,2020-04-06,29.45,31.95,29.11,29.45,1513,2631
3240,OQM20,2020-04-07,25.87,28.6,25.87,25.87,1253,3141
3241,OQM20,2020-04-08,26.98,26.98,25.72,26.98,2331,3855
3242,OQM20,2020-04-09,24.6,24.6,24.6,24.6,0,4552
3243,OQM20,2020-04-13,26.07,26.5,24.5,26.07,1631,5239
3244,OQM20,2020-04-14,23.06,26.06,23.06,23.06,2214,6023
3245,OQM20,2020-04-15,23.42,24.6,22.64,23.42,2539,6787
3246,OQM20,2020-04-16,23.42,24.47,23.42,23.42,1552,7631
3247,OQM20,2020-04-17,24.68,24.68,23.56,24.68,1706,8256
3248,OQM20,2020-04-20,23.52,25.5,23.52,23.52,1816,9017
3249,OQM20,2020-04-21,19.93,22.9,19.93,19.93,2510,9919
3250,OQM20,2020-04-22,23.15,23.15,19.15,23.15,1578,11077
3251,OQM20,2020-04-23,20.73,20.73,20.73,20.73,3239,11168
3252,OQM20,2020-04-24,20.68,20.68,19.7,20.68,1412,11594
3253,OQM20,2020-04-27,18.9,20.1,18.9,18.9,813,12078
3254,OQM20,2020-04-28,18.46,18.46,16.49,18.46,572,12423
3255,OQM20,2020-04-29,22.02,23.05,19.15,22.02,352,12617
3256,OQN20,2020-04-30,28.92,29.51,28.92,28.92,52,64
3257,OQN20,2020-05-01,28.88,28.99,28.3,28.88,875,498
3258,OQN20,2020-05-04,29.77,29.77,28.0,29.77,1701,1202
3259,OQN20,2020-05-05,30.6,30.6,29.73,30.6,1639,2097
3260,OQN20,2020-05-06,30.23,32.08,30.23,30.23,1537,2737
3261,OQN20,2020-05-07,30.2,30.2,30.14,30.2,1808,3263
3262,OQN20,2020-05-08,31.79,31.79,30.42,31.79,1057,4085
3263,OQN20,2020-05-11,30.94,31.65,30.94,30.94,1902,4964
3264,OQN20,2020-05-12,31.45,32.33,31.0,31.45,1338,5455
3265,OQN20,2020-05-13,32.15,32.8,32.15,32.15,1678,6524
3266,OQN20,2020-05-14,34.91,34.91,34.91,34.91,2067,7332
3267,OQN20,2020-05-15,35.49,35.73,34.3,35.49,2240,8252
3268,OQN20,2020-05-18,36.0,36.0,34.83,36.0,2391,8855
3269,OQN20,2020-05-19,35.73,36.21,35.61,35.73,3869,9261
3270,OQN20,2020-05-20,37.15,37.15,35.96,37.15,3203,10088
3271,OQN20,2020-05-21,37.68,37.68,37.13,37.68,1899,10979
3272,OQN20,2020-05-22,36.83,36.83,35.35,36.83,0,11070
3273,OQN20,2020-05-26,37.75,38.3,36.3,37.75,3385,12890
3274,OQN20,2020-05-27,36.14,37.12,36.14,36.14,1586,13513
3275,OQN20,2020-05-28,36.5,36.5,35.39,36.5,638,14011
3276,OQQ20,2020-05-29,39.79,39.79,37.38,39.79,269,130
3277,OQQ20,2020-06-01,40.32,40.32,40.32,40.32,2058,654
3278,OQQ20,2020-06-02,40.92,40.92,40.92,40.92,1717,1340
3279,OQQ20,2020-06-03,40.47,41.08,40.47,40.47,1503,2397
3280,OQQ20,2020-06-04,40.59,40.59,39.92,40.59,1996,3500
3281,OQQ20,2020-06-05,43.2,43.2,41.27,43.2,740,3972
3282,OQQ20,2020-06-08,41.8,44.13,41.8,41.8,775,4482
3283,OQQ20,2020-06-09,42.23,42.23,42.23,42.23,1494,5138
3284,OQQ20,2020-06-10,42.88,42.88,41.3,42.88,1907,5804
3285,OQQ20,2020-06-11,39.48,39.48,39.48,39.48,1543,6251
3286,OQQ20,2020-06-12,39.9,39.9,38.93,39.9,1404,6695
3287,OQQ20,2020-06-15,40.62,40.62,38.85,40.62,2300,7582
3288,OQQ20,2020-06-16,41.85,41.85,40.56,41.85,1280,8098
3289,OQQ20,2020-06-17,41.73,42.56,41.73,41.73,1783,8711
3290,OQQ20,2020-06-18,42.81,42.81,41.91,42.81,2050,9476
3291,OQQ20,2020-06-19,43.29,44.02,43.29,43.29,3765,10718
3292,OQQ20,2020-06-22,43.87,43.87,43.87,43.87,3459,11284
3293,OQQ20,2020-06-23,43.38,43.38,43.38,43.38,2391,11205
3294,OQQ20,2020-06-24,41.06,43.05,41.06,41.06,1552,11947
3295,OQQ20,2020-06-25,42.0,42.0,41.0,42.0,2227,11931
3296,OQQ20,2020-06-26,42.02,42.02,42.02,42.02,701,12414
3297,OQQ20,2020-06-29,42.41,42.41,40.75,42.41,358,12698
3298,OQU20,2020-06-30,42.13,42.55,42.13,42.13,107,59
3299,OQU20,2020-07-01,43.26,43.26,43.26,43.26,1701,335
3300,OQU20,2020-07-02,44.0,44.0,44.0,44.0,0,905
3301,OQU20,2020-07-06,43.75,43.75,43.75,43.75,3050,1978
3302,OQU20,2020-07-07,43.78,43.78,43.78,43.78,1584,2380
3303,OQU20,2020-07-08,44.02,44.02,44.02,44.02,1478,2932
3304,OQU20,2020-07-09,43.2,43.2,43.2,43.2,2833,3443
3305,OQU20,2020-07-10,44.14,44.14,44.14,44.14,2087,4037
3306,OQU20,2020-07-13,43.75,43.75,43.75,43.75,3100,4966
3307,OQU20,2020-07-14,43.35,43.35,43.35,43.35,3317,5704
3308,OQU20,2020-07-15,44.85,44.85,44.85,44.85,2454,6330
3309,OQU20,2020-07-16,43.81,43.81,43.8,43.81,1601,6919
3310,OQU20,2020-07-17,43.28,43.28,43.28,43.28,1165,7266
3311,OQU20,2020-07-20,43.57,43.57,43.57,43.57,1131,7656
3312,OQU20,2020-07-21,45.0,45.0,45.0,45.0,2037,8299
3313,OQU20,2020-07-22,44.96,45.6,44.96,44.96,2122,8861
3314,OQU20,2020-07-23,43.44,43.44,43.44,43.44,2195,9326
3315,OQU20,2020-07-24,43.6,43.6,43.6,43.6,2342,9957
3316,OQU20,2020-07-27,43.57,43.57,43.05,43.57,2071,10757
3317,OQU20,2020-07-28,43.24,43.45,42.98,43.24,2680,10588
3318,OQU20,2020-07-29,43.37,43.56,42.87,43.37,972,10810
3319,OQU20,2020-07-30,42.7,43.0,42.7,42.7,344,11085
3320,OQV20,2020-07-31,43.45,43.79,43.09,43.45,88,80
3321,OQV20,2020-08-03,43.37,43.37,42.69,43.37,0,0
3322,OQV20,2020-08-04,44.09,44.09,42.81,44.09,2699,1667
3323,OQV20,2020-08-05,44.47,44.47,43.97,44.47,1530,2393
3324,OQV20,2020-08-06,44.04,44.04,43.78,44.04,1987,3268
3325,OQV20,2020-08-07,43.47,44.4,43.47,43.47,2022,3963
3326,OQV20,2020-08-10,44.13,44.21,43.9,44.13,2634,4792
3327,OQV20,2020-08-11,44.0,44.6,44.0,44.0,2463,5604
3328,OQV20,2020-08-12,44.5,44.5,43.72,44.5,2280,6115
3329,OQV20,2020-08-13,44.15,44.55,44.15,44.15,1702,6803
3330,OQV20,2020-08-14,43.85,43.85,43.65,43.85,2344,7280
3331,OQV20,2020-08-17,44.06,44.06,44.06,44.06,2273,7887
3332,OQV20,2020-08-18,44.5,44.92,44.5,44.5,1704,8616
3333,OQV20,2020-08-19,44.65,44.65,44.25,44.65,1584,9238
3334,OQV20,2020-08-20,44.51,44.67,44.51,44.51,2494,9949
3335,OQV20,2020-08-21,43.65,44.77,43.65,43.65,2541,10645
3336,OQV20,2020-08-24,44.95,44.95,44.95,44.95,2184,11596
3337,OQV20,2020-08-25,45.34,45.34,45.34,45.34,2807,12621
3338,OQV20,2020-08-26,45.61,45.61,45.08,45.61,937,13383
3339,OQV20,2020-08-27,44.4,45.29,44.4,44.4,1842,12816
3340,OQV20,2020-08-28,45.17,45.17,45.17,45.17,540,13245
3341,OQX20,2020-08-31,45.08,46.31,45.08,45.08,295,252
3342,OQX20,2020-09-01,45.0,45.39,45.0,45.0,1292,744
3343,OQX20,2020-09-02,44.35,45.46,44.35,44.35,1658,1419
3344,OQX20,2020-09-03,43.29,43.29,43.29,43.29,1264,1822
3345,OQX20,2020-09-04,41.93,41.93,41.93,41.93,0,2300
3346,OQX20,2020-09-08,39.1,42.03,39.1,39.1,4251,3370
3347,OQX20,2020-09-09,40.15,40.15,40.15,40.15,1870,4125
3348,OQX20,2020-09-10,39.32,39.32,39.32,39.32,1636,4671
3349,OQX20,2020-09-11,39.33,39.49,39.33,39.33,2086,5231
3350,OQX20,2020-09-14,39.08,39.08,39.08,39.08,2342,5955
3351,OQX20,2020-09-15,40.07,40.07,40.07,40.07,2303,6565
3352,OQX20,2020-09-16,41.63,41.63,41.63,41.63,1942,7027
3353,OQX20,2020-09-17,43.14,43.14,43.14,43.14,2687,7406
3354,OQX20,2020-09-18,42.7,42.7,42.7,42.7,3156,7985
3355,OQX20,2020-09-21,40.95,40.95,40.95,40.95,1908,8767
3356,OQX20,2020-09-22,41.27,41.27,41.27,41.27,3079,9580
3357,OQX20,2020-09-23,41.29,41.29,41.29,41.29,2129,10358
3358,OQX20,2020-09-24,41.85,41.85,41.85,41.85,3276,11236
3359,OQX20,2020-09-25,42.25,42.39,42.25,42.25,1687,12035
3360,OQX20,2020-09-28,41.85,41.85,40.96,41.85,644,12659
3361,OQX20,2020-09-29,40.73,41.98,40.73,40.73,391,13024
3362,OQZ20,2020-09-30,41.3,41.3,41.3,41.3,155,57
3363,OQZ20,2020-10-01,40.3,40.3,40.3,40.3,1712,703
3364,OQZ20,2020-10-02,38.56,38.56,38.56,38.56,2159,1304
3365,OQZ20,2020-10-05,40.61,40.61,40.61,40.61,2405,2008
3366,OQZ20,2020-10-06,42.11,42.11,42.11,42.11,2348,2676
3367,OQZ20,2020-10-07,41.5,41.79,41.5,41.5,2725,3558
3368,OQZ20,2020-10-08,42.97,42.97,42.97,42.97,2496,4241
3369,OQZ20,2020-10-09,42.21,42.21,42.21,42.21,2178,5039
3370,OQZ20,2020-10-12,41.26,41.26,41.26,41.26,2368,5821
3371,OQZ20,2020-10-13,41.88,41.88,41.88,41.88,2642,6650
3372,OQZ20,2020-10-14,42.57,42.57,42.57,42.57,2361,7443
3373,OQZ20,2020-10-15,42.55,42.55,42.55,42.55,1648,8036
3374,OQZ20,2020-10-16,42.29,42.41,42.29,42.29,1708,8373
3375,OQZ20,2020-10-19,41.92,41.92,41.92,41.92,1971,8726
3376,OQZ20,2020-10-20,42.76,42.76,42.76,42.76,2184,8958
3377,OQZ20,2020-10-21,41.44,41.44,41.44,41.44,1831,9450
3378,OQZ20,2020-10-22,42.38,42.38,42.38,42.38,2045,9742
3379,OQZ20,2020-10-23,41.6,42.67,41.6,41.6,1625,10149
3380,OQZ20,2020-10-26,40.37,40.37,40.37,40.37,2533,10225
3381,OQZ20,2020-10-27,41.12,41.12,40.5,41.12,1127,10590
3382,OQZ20,2020-10-28,39.29,40.17,39.29,39.29,443,10954
3383,OQZ20,2020-10-29,37.47,39.17,37.47,37.47,182,11077
3384,OQF21,2020-10-30,37.7,37.7,37.7,37.7,136,91
3385,OQF21,2020-11-02,39.1,39.1,39.1,39.1,1368,709
3386,OQF21,2020-11-03,39.75,39.75,39.75,39.75,2191,1736
3387,OQF21,2020-11-04,41.45,41.45,41.45,41.45,1910,2646
3388,OQF21,2020-11-05,41.4,41.4,41.4,41.4,2459,3754
3389,OQF21,2020-11-06,39.85,41.03,39.85,39.85,2662,4543
3390,OQF21,2020-11-09,42.74,42.74,42.74,42.74,2589,5084
3391,OQF21,2020-11-10,43.73,43.73,43.73,43.73,2100,5567
3392,OQF21,2020-11-11,44.7,44.7,44.7,44.7,1576,6131
3393,OQF21,2020-11-12,43.77,43.77,43.77,43.77,3279,6701
3394,OQF21,2020-11-13,42.95,43.53,42.95,42.95,2137,7176
3395,OQF21,2020-11-16,44.11,44.11,44.11,44.11,2660,7639
3396,OQF21,2020-11-17,44.06,44.06,44.02,44.06,2865,7649
3397,OQF21,2020-11-18,44.43,44.43,44.43,44.43,2195,8016
3398,OQF21,2020-11-19,44.17,44.17,44.17,44.17,3776,9166
3399,OQF21,2020-11-20,45.09,45.09,45.09,45.09,3515,9860
3400,OQF21,2020-11-23,45.9,45.9,45.9,45.9,2880,10460
3401,OQF21,2020-11-24,47.62,47.62,45.98,47.62,2932,10221
3402,OQF21,2020-11-25,48.54,48.54,47.95,48.54,0,10994
3403,OQF21,2020-11-27,49.35,49.35,47.63,49.35,1673,12115
3404,OQG21,2020-11-30,47.71,47.71,47.09,47.71,123,55
3405,OQG21,2020-12-01,47.52,47.52,47.52,47.52,1944,529
3406,OQG21,2020-12-02,48.24,48.24,48.24,48.24,3001,1180
3407,OQG21,2020-12-03,48.51,48.51,48.51,48.51,2014,1761
3408,OQG21,2020-12-04,49.0,49.0,49.0,49.0,1808,2250
3409,OQG21,2020-12-07,48.66,48.66,48.66,48.66,2064,2766
3410,OQG21,2020-12-08,48.9,48.9,48.9,48.9,1772,3173
3411,OQG21,2020-12-09,48.8,49.44,48.8,48.8,1524,3593
3412,OQG21,2020-12-10,50.38,50.38,50.38,50.38,1879,4107
3413,OQG21,2020-12-11,50.09,50.65,50.09,50.09,2347,4678
3414,OQG21,2020-12-14,50.61,50.61,50.61,50.61,2501,5089
3415,OQG21,2020-12-15,50.95,50.95,50.95,50.95,1175,5447
3416,OQG21,2020-12-16,51.38,51.38,51.38,51.38,1810,5740
3417,OQG21,2020-12-17,51.26,51.26,51.14,51.26,2376,6079
3418,OQG21,2020-12-18,51.79,51.79,51.79,51.79,2726,6769
3419,OQG21,2020-12-21,50.47,50.47,50.47,50.47,3101,7501
3420,OQG21,2020-12-22,49.9,49.9,49.9,49.9,2666,8044
3421,OQG21,2020-12-23,51.07,51.07,51.07,51.07,2527,8373
3422,OQG21,2020-12-24,51.15,51.47,50.82,51.15,0,0
3423,OQG21,2020-12-28,50.67,51.32,50.52,50.67,1739,8681
3424,OQG21,2020-12-29,51.0,51.2,51.0,51.0,594,9166
3425,OQG21,2020-12-30,51.49,51.49,51.01,51.49,287,9385
3426,OQG21,2020-12-31,51.06,51.06,51.06,51.06,0,0
3427,OQG21,2021-01-01,51.06,51.06,51.06,51.06,287,9385
3428,OQH21,2021-01-04,50.5,52.7,50.5,50.5,2325,864
3429,OQH21,2021-01-05,53.04,53.04,53.04,53.04,2992,1805
3430,OQH21,2021-01-06,53.93,53.93,53.93,53.93,3135,2721
3431,OQH21,2021-01-07,54.32,54.32,54.32,54.32,3128,3495
3432,OQH21,2021-01-08,55.8,55.8,55.8,55.8,2606,4697
3433,OQH21,2021-01-11,55.43,55.43,55.43,55.43,3657,5814
3434,OQH21,2021-01-12,56.33,56.33,56.33,56.33,3609,6690
3435,OQH21,2021-01-13,55.52,55.52,55.35,55.52,2876,7393
3436,OQH21,2021-01-14,55.93,55.93,55.93,55.93,2854,8538
3437,OQH21,2021-01-15,54.78,55.43,54.78,54.78,0,9162
3438,OQH21,2021-01-19,55.73,55.73,54.1,55.73,4791,10779
3439,OQH21,2021-01-20,55.86,56.3,55.86,55.86,2316,11590
3440,OQH21,2021-01-21,55.9,55.9,55.9,55.9,2918,12394
3441,OQH21,2021-01-22,55.25,55.25,55.25,55.25,2201,13088
3442,OQH21,2021-01-25,55.66,55.66,55.66,55.66,1636,13998
3443,OQH21,2021-01-26,55.47,55.47,55.2,55.47,1421,14916
3444,OQH21,2021-01-27,55.49,55.94,55.49,55.49,1394,15342
3445,OQH21,2021-01-28,54.45,54.63,54.2,54.45,406,15518
3446,OQJ21,2021-01-29,54.46,54.46,54.46,54.46,159,90
3447,OQJ21,2021-02-01,55.82,55.82,55.82,55.82,1572,676
3448,OQJ21,2021-02-02,57.14,57.14,57.14,57.14,2471,1298
3449,OQJ21,2021-02-03,58.05,58.05,58.05,58.05,2158,1925
3450,OQJ21,2021-02-04,58.37,58.37,58.37,58.37,1701,2496
3451,OQJ21,2021-02-05,58.87,58.87,58.87,58.87,1724,3074
3452,OQJ21,2021-02-08,60.21,60.21,60.21,60.21,1840,3481
3453,OQJ21,2021-02-09,60.62,60.62,60.62,60.62,2443,4062
3454,OQJ21,2021-02-10,60.64,60.64,60.29,60.64,1916,4593
3455,OQJ21,2021-02-11,60.43,60.43,60.43,60.43,2639,5116
3456,OQJ21,2021-02-12,61.39,61.39,61.39,61.39,0,0
3457,OQJ21,2021-02-16,62.6,62.81,62.6,62.6,3730,6550
3458,OQJ21,2021-02-17,63.7,63.7,63.7,63.7,2247,7285
3459,OQJ21,2021-02-18,62.45,64.2,62.45,62.45,1262,7783
3460,OQJ21,2021-02-19,60.8,60.8,60.6,60.8,798,8195
3461,OQJ21,2021-02-22,61.48,61.7,61.48,61.48,1995,7921
3462,OQJ21,2021-02-23,63.83,63.83,62.8,63.83,1092,8382
3463,OQJ21,2021-02-24,65.15,65.15,62.29,65.15,691,8908
3464,OQJ21,2021-02-25,64.23,66.1,63.57,64.23,277,9052
3465,OQK21,2021-02-26,63.5,64.43,63.5,63.5,198,101
3466,OQK21,2021-03-01,62.64,64.32,62.64,62.64,1489,723
3467,OQK21,2021-03-02,61.21,61.21,61.21,61.21,2940,1483
3468,OQK21,2021-03-03,62.64,62.64,62.64,62.64,3299,2378
3469,OQK21,2021-03-04,65.2,65.2,65.2,65.2,2332,3212
3470,OQK21,2021-03-05,68.16,68.16,68.16,68.16,2660,3944
3471,OQK21,2021-03-08,66.53,66.53,66.53,66.53,2424,4821
3472,OQK21,2021-03-09,66.35,66.35,66.35,66.35,3095,5722
3473,OQK21,2021-03-10,66.05,66.05,66.05,66.05,3587,6805
3474,OQK21,2021-03-11,67.87,67.87,67.87,67.87,2605,7745
3475,OQK21,2021-03-12,67.7,67.7,67.7,67.7,2266,8771
3476,OQK21,2021-03-15,67.35,68.54,67.35,67.35,3923,9777
3477,OQK21,2021-03-16,66.64,66.64,66.64,66.64,2586,10511
3478,OQK21,2021-03-17,66.12,66.12,66.12,66.12,2900,11207
3479,OQK21,2021-03-18,61.68,61.68,61.68,61.68,2089,11456
3480,OQK21,2021-03-19,63.75,63.75,61.5,63.75,2736,12384
3481,OQK21,2021-03-22,63.85,63.85,63.85,63.85,2515,12922
3482,OQK21,2021-03-23,59.98,63.18,59.98,59.98,3114,13432
3483,OQK21,2021-03-24,63.5,63.5,63.5,63.5,2152,13382
3484,OQK21,2021-03-25,60.51,62.47,60.51,60.51,2629,13371
3485,OQK21,2021-03-26,63.4,63.4,63.4,63.4,1220,13846
3486,OQK21,2021-03-29,63.79,63.79,62.34,63.79,849,14176
3487,OQK21,2021-03-30,62.81,63.64,62.81,62.81,333,14308
3488,OQM21,2021-03-31,61.21,63.05,61.21,61.21,244,177
3489,OQM21,2021-04-01,63.48,63.48,63.48,63.48,0,1004
3490,OQM21,2021-04-05,60.76,60.76,60.76,60.76,2959,1446
3491,OQM21,2021-04-06,61.04,61.04,60.87,61.04,2489,1870
3492,OQM21,2021-04-07,61.57,61.57,61.57,61.57,2751,2476
3493,OQM21,2021-04-08,61.38,61.38,61.38,61.38,3512,3175
3494,OQM21,2021-04-09,61.06,61.06,60.89,61.06,2579,3777
3495,OQM21,2021-04-12,61.45,61.45,61.45,61.45,3948,4176
3496,OQM21,2021-04-13,61.84,61.84,61.63,61.84,2792,4567
3497,OQM21,2021-04-14,64.8,64.8,64.8,64.8,3690,5036
3498,OQM21,2021-04-15,65.18,65.18,64.19,65.18,2383,5617
3499,OQM21,2021-04-16,65.1,65.1,65.1,65.1,2182,6183
3500,OQM21,2021-04-19,65.3,65.3,65.3,65.3,4061,7001
3501,OQM21,2021-04-20,64.5,64.5,64.5,64.5,3810,8057
3502,OQM21,2021-04-21,63.0,63.0,63.0,63.0,3272,8697
3503,OQM21,2021-04-22,63.2,63.2,63.2,63.2,3415,9789
3504,OQM21,2021-04-23,63.68,63.68,63.68,63.68,2849,10847
3505,OQM21,2021-04-26,62.75,62.75,62.75,62.75,984,11533
3506,OQM21,2021-04-27,62.91,63.51,62.91,62.91,2406,11013
3507,OQM21,2021-04-28,64.57,64.57,63.56,64.57,523,11317
3508,OQM21,2021-04-29,65.94,65.94,64.39,65.94,446,11604
3509,OQN21,2021-04-30,64.45,65.48,64.45,64.45,198,156
3510,OQN21,2021-05-03,65.2,65.2,65.2,65.2,2980,1103
3511,OQN21,2021-05-04,66.55,66.55,66.55,66.55,2368,1801
3512,OQN21,2021-05-05,67.6,67.9,67.6,67.6,2472,2863
3513,OQN21,2021-05-06,66.3,67.4,66.3,66.3,2990,3487
3514,OQN21,2021-05-07,66.14,66.14,66.14,66.14,2368,4069
3515,OQN21,2021-05-10,66.32,66.32,66.32,66.32,3199,4741
3516,OQN21,2021-05-11,66.63,66.63,66.63,66.63,2437,5384
3517,OQN21,2021-05-12,67.27,67.27,67.27,67.27,1893,6074
3518,OQN21,2021-05-13,65.2,65.2,65.2,65.2,2349,6715
3519,OQN21,2021-05-14,67.0,67.0,67.0,67.0,2860,7559
3520,OQN21,2021-05-17,67.7,68.16,67.7,67.7,2629,8565
3521,OQN21,2021-05-18,67.16,67.16,67.16,67.16,3568,9621
3522,OQN21,2021-05-19,65.02,65.02,65.02,65.02,2729,9958
3523,OQN21,2021-05-20,63.55,63.55,63.55,63.55,3671,10424
3524,OQN21,2021-05-21,65.03,65.03,63.1,65.03,2376,10968
3525,OQN21,2021-05-24,67.3,67.3,67.3,67.3,1606,11723
3526,OQN21,2021-05-25,67.1,67.1,66.35,67.1,1385,12225
3527,OQN21,2021-05-26,67.13,67.28,67.13,67.13,836,12833
3528,OQN21,2021-05-27,67.44,67.44,66.06,67.44,2143,12362
3529,OQQ21,2021-05-28,66.97,67.68,66.97,66.97,0,0
3530,OQQ21,2021-06-01,68.93,68.93,68.93,68.93,2037,843
3531,OQQ21,2021-06-02,69.79,69.79,69.79,69.79,3132,2208
3532,OQQ21,2021-06-03,70.0,70.37,70.0,70.0,3432,3460
3533,OQQ21,2021-06-04,70.46,70.46,70.46,70.46,2782,4393
3534,OQQ21,2021-06-07,70.07,70.07,70.07,70.07,2836,5168
3535,OQQ21,2021-06-08,70.88,70.88,69.48,70.88,1568,5652
3536,OQQ21,2021-06-09,70.86,70.86,70.86,70.86,2432,6063
3537,OQQ21,2021-06-10,71.28,71.28,71.28,71.28,2997,6516
3538,OQQ21,2021-06-11,71.48,71.53,71.48,71.48,2836,7284
3539,OQQ21,2021-06-14,71.53,71.53,71.53,71.53,1937,7761
3540,OQQ21,2021-06-15,72.15,72.15,71.74,72.15,3093,8487
3541,OQQ21,2021-06-16,72.8,72.8,72.57,72.8,1678,9280
3542,OQQ21,2021-06-17,71.75,71.75,71.75,71.75,2684,9773
3543,OQQ21,2021-06-18,71.65,71.65,71.65,71.65,2456,10594
3544,OQQ21,2021-06-21,73.18,73.18,73.18,73.18,2992,11347
3545,OQQ21,2021-06-22,72.9,72.9,72.9,72.9,3096,12242
3546,OQQ21,2021-06-23,73.18,73.73,73.18,73.18,3138,12612
3547,OQQ21,2021-06-24,73.41,73.76,73.41,73.41,1726,13148
3548,OQQ21,2021-06-25,73.95,73.95,73.26,73.95,1962,13265
3549,OQQ21,2021-06-28,73.09,73.85,73.09,73.09,3575,12337
3550,OQQ21,2021-06-29,72.53,72.53,71.51,72.53,418,12578
3551,OQU21,2021-06-30,72.85,72.85,72.28,72.85,345,226
3552,OQU21,2021-07-01,74.45,74.45,74.45,74.45,1323,679
3553,OQU21,2021-07-02,74.82,74.82,73.95,74.82,0,0
3554,OQU21,2021-07-06,72.8,72.8,72.8,72.8,5542,2716
3555,OQU21,2021-07-07,72.01,72.01,72.01,72.01,2228,3326
3556,OQU21,2021-07-08,72.47,72.47,70.54,72.47,2337,4034
3557,OQU21,2021-07-09,73.97,73.97,73.97,73.97,2973,4923
3558,OQU21,2021-07-12,73.68,73.68,73.68,73.68,2819,5679
3559,OQU21,2021-07-13,75.0,75.0,75.0,75.0,2659,6462
3560,OQU21,2021-07-14,74.55,74.55,74.15,74.55,2381,7186
3561,OQU21,2021-07-15,72.2,72.2,72.2,72.2,3593,7938
3562,OQU21,2021-07-16,72.1,72.1,72.1,72.1,3142,8694
3563,OQU21,2021-07-19,67.45,67.45,67.45,67.45,2161,9382
3564,OQU21,2021-07-20,68.18,68.18,68.18,68.18,2346,9918
3565,OQU21,2021-07-21,71.04,71.04,71.04,71.04,1663,10612
3566,OQU21,2021-07-22,72.95,72.95,72.95,72.95,3370,11015
3567,OQU21,2021-07-23,73.35,73.35,73.35,73.35,2400,11882
3568,OQU21,2021-07-26,73.03,73.03,71.05,73.03,2657,12693
3569,OQU21,2021-07-27,72.53,72.53,72.53,72.53,4125,12114
3570,OQU21,2021-07-28,72.86,73.83,72.22,72.86,971,12831
3571,OQU21,2021-07-29,73.94,73.94,72.27,73.94,1001,12854
3572,OQV21,2021-07-30,73.91,73.91,73.91,73.91,144,151
3573,OQV21,2021-08-02,71.5,73.42,71.5,71.5,1562,758
3574,OQV21,2021-08-03,71.3,71.3,71.3,71.3,3096,1977
3575,OQV21,2021-08-04,69.25,71.51,69.25,69.25,3609,3159
3576,OQV21,2021-08-05,70.21,70.21,70.21,70.21,2729,4252
3577,OQV21,2021-08-06,69.47,69.47,69.47,69.47,3682,5878
3578,OQV21,2021-08-09,68.35,68.65,68.35,68.35,1917,6638
3579,OQV21,2021-08-10,69.75,69.75,69.75,69.75,2993,7975
3580,OQV21,2021-08-11,70.5,70.5,70.5,70.5,3287,8900
3581,OQV21,2021-08-12,70.3,70.3,70.3,70.3,3090,9668
3582,OQV21,2021-08-13,69.65,70.39,69.33,69.65,2593,10232
3583,OQV21,2021-08-16,68.83,69.56,67.57,68.83,2689,10639
3584,OQV21,2021-08-17,68.35,69.22,68.28,68.35,2121,11010
3585,OQV21,2021-08-18,67.4,69.17,67.4,67.4,2846,12126
3586,OQV21,2021-08-19,65.7,66.9,65.03,65.7,2887,13718
3587,OQV21,2021-08-20,64.4,66.08,64.4,64.4,2615,14286
3588,OQV21,2021-08-23,67.93,67.93,65.02,67.93,1454,14724
3589,OQV21,2021-08-24,70.18,70.18,68.01,70.18,2703,14126
3590,OQV21,2021-08-25,71.2,71.2,71.2,71.2,5198,14886
3591,OQV21,2021-08-26,69.51,69.51,69.51,69.51,1756,15486
3592,OQV21,2021-08-27,70.69,70.69,70.69,70.69,1082,16140
3593,OQV21,2021-08-30,70.42,70.42,70.42,70.42,460,16600
3594,OQX21,2021-08-31,69.86,70.5,69.86,69.86,116,70
3595,OQX21,2021-09-01,70.17,70.55,69.58,70.17,2237,969
3596,OQX21,2021-09-02,71.3,71.49,69.57,71.3,3918,1874
3597,OQX21,2021-09-03,70.87,70.87,70.87,70.87,0,0
3598,OQX21,2021-09-06,70.87,70.87,70.87,70.87,0,3119
3599,OQX21,2021-09-07,69.7,70.72,69.23,69.7,4812,4872
3600,OQX21,2021-09-08,70.71,70.97,69.66,70.71,3680,6075
3601,OQX21,2021-09-09,69.95,71.31,69.95,69.95,2530,7111
3602,OQX21,2021-09-10,71.19,71.29,69.99,71.19,2611,8041
3603,OQX21,2021-09-13,71.72,72.07,71.35,71.72,3250,8858
3604,OQX21,2021-09-14,71.95,71.95,71.46,71.95,2377,9379
3605,OQX21,2021-09-15,73.47,73.92,72.08,73.47,2065,9904
3606,OQX21,2021-09-16,73.66,73.92,72.56,73.66,3173,9968
3607,OQX21,2021-09-17,73.53,73.7,72.83,73.53,2869,10629
3608,OQX21,2021-09-20,72.22,73.06,71.91,72.22,2049,11272
3609,OQX21,2021-09-21,72.59,73.29,72.59,72.59,2198,11575
3610,OQX21,2021-09-22,74.24,74.24,73.06,74.24,1656,11906
3611,OQX21,2021-09-23,75.14,75.14,73.71,75.14,2962,12147
3612,OQX21,2021-09-24,75.4,75.4,74.67,75.4,3131,10974
3613,OQX21,2021-09-27,76.48,76.48,75.55,76.48,1729,11376
3614,OQX21,2021-09-28,76.23,77.6,76.23,76.23,2635,10549
3615,OQX21,2021-09-29,75.87,75.91,75.65,75.87,660,10902
3616,OQZ21,2021-09-30,76.18,76.84,74.36,76.18,123,41
3617,OQZ21,2021-10-01,77.05,77.05,75.43,77.05,1234,546
3618,OQZ21,2021-10-04,79.05,79.46,76.65,79.05,3486,1377
3619,OQZ21,2021-10-05,80.27,80.27,79.16,80.27,2435,2196
3620,OQZ21,2021-10-06,78.9,81.06,78.88,78.9,2102,2851
3621,OQZ21,2021-10-07,79.97,79.97,77.11,79.97,1634,3310
3622,OQZ21,2021-10-08,80.35,81.42,80.35,80.35,2408,4040
3623,OQZ21,2021-10-11,81.66,82.58,81.47,81.66,2856,4569
3624,OQZ21,2021-10-12,81.58,82.26,80.98,81.58,3241,5148
3625,OQZ21,2021-10-13,81.5,81.62,80.58,81.5,2124,5881
3626,OQZ21,2021-10-14,82.22,82.46,81.56,82.22,2164,6726
3627,OQZ21,2021-10-15,83.15,83.33,82.31,83.15,2734,7497
3628,OQZ21,2021-10-18,82.63,84.21,82.33,82.63,2535,8189
3629,OQZ21,2021-10-19,83.53,83.53,82.17,83.53,3287,8482
3630,OQZ21,2021-10-20,84.0,84.0,82.04,84.0,2768,8946
3631,OQZ21,2021-10-21,82.9,84.19,81.65,82.9,3068,9759
3632,OQZ21,2021-10-22,83.65,83.65,82.22,83.65,3405,10576
3633,OQZ21,2021-10-25,84.03,84.56,84.0,84.03,2950,11209
3634,OQZ21,2021-10-26,84.6,84.6,83.69,84.6,3491,11728
3635,OQZ21,2021-10-27,82.52,83.47,82.52,82.52,1025,12476
3636,OQZ21,2021-10-28,82.14,82.14,81.68,82.14,1285,12604
3637,OQF22,2021-10-29,81.72,82.16,81.72,81.72,138,222
3638,OQF22,2021-11-01,83.2,83.46,81.28,83.2,1814,933
3639,OQF22,2021-11-02,83.07,83.74,82.27,83.07,2199,1545
3640,OQF22,2021-11-03,80.32,82.41,80.32,80.32,2797,2401
3641,OQF22,2021-11-04,78.96,82.81,78.79,78.96,2253,3059
3642,OQF22,2021-11-05,81.34,81.36,78.78,81.34,2925,3742
3643,OQF22,2021-11-08,82.13,82.68,81.81,82.13,1947,4274
3644,OQF22,2021-11-09,83.42,83.42,81.92,83.42,3913,4820
3645,OQF22,2021-11-10,81.35,84.1,81.35,81.35,3736,5387
3646,OQF22,2021-11-11,82.26,82.64,81.17,82.26,1206,5925
3647,OQF22,2021-11-12,81.68,81.94,80.82,81.68,6493,6603
3648,OQF22,2021-11-15,81.17,81.21,80.09,81.17,4611,7308
3649,OQF22,2021-11-16,81.5,82.28,80.76,81.5,2723,7958
3650,OQF22,2021-11-17,79.4,81.41,79.11,79.4,3442,8517
3651,OQF22,2021-11-18,80.2,80.2,78.58,80.2,3558,9164
3652,OQF22,2021-11-19,77.95,81.21,77.3,77.95,3143,10220
3653,OQF22,2021-11-22,79.27,79.56,77.58,79.27,2769,11001
3654,OQF22,2021-11-23,81.85,81.85,78.45,81.85,3235,11848
3655,OQF22,2021-11-24,81.6,82.42,81.36,81.6,2807,12676
3656,OQF22,2021-11-25,81.6,81.6,81.6,81.6,2807,12676
3657,OQF22,2021-11-26,71.39,81.44,71.39,71.39,2879,14687
3658,OQF22,2021-11-29,71.0,73.33,71.0,71.0,2486,13235
3659,OQG22,2021-11-30,68.11,72.75,68.11,68.11,22,128
3660,OQG22,2021-12-01,68.35,71.95,68.35,68.35,1389,736
3661,OQG22,2021-12-02,69.52,70.21,65.79,69.52,2574,1604
3662,OQG22,2021-12-03,69.03,71.31,69.03,69.03,1289,2271
3663,OQG22,2021-12-06,72.25,72.25,69.98,72.25,2185,2819
3664,OQG22,2021-12-07,74.26,74.26,72.52,74.26,2968,3441
3665,OQG22,2021-12-08,74.6,74.83,73.28,74.6,2954,4187
3666,OQG22,2021-12-09,73.1,75.63,73.1,73.1,4447,4840
3667,OQG22,2021-12-10,73.69,74.18,72.66,73.69,3210,5591
3668,OQG22,2021-12-13,72.84,74.85,72.84,72.84,3549,6086
3669,OQG22,2021-12-14,72.25,73.57,71.79,72.25,2644,6843
3670,OQG22,2021-12-15,72.53,72.53,71.28,72.53,4375,7525
3671,OQG22,2021-12-16,73.72,74.06,72.89,73.72,4267,8215
3672,OQG22,2021-12-17,72.34,73.57,72.34,72.34,3451,9029
3673,OQG22,2021-12-20,70.39,71.18,68.18,70.39,2317,9465
3674,OQG22,2021-12-21,72.87,72.87,70.37,72.87,4026,9915
3675,OQG22,2021-12-22,74.07,74.07,72.45,74.07,1670,10594
3676,OQG22,2021-12-23,75.36,75.36,73.44,75.36,1982,11718
3677,OQG22,2021-12-24,75.36,75.36,75.36,75.36,0,11718
3678,OQG22,2021-12-27,76.4,76.4,73.5,76.4,1561,12884
3679,OQG22,2021-12-28,76.41,76.54,76.15,76.41,1301,13905
3680,OQG22,2021-12-29,76.96,76.97,76.79,76.96,1321,14229
3681,OQH22,2021-12-30,77.35,77.75,76.7,77.35,0,0
3682,OQH22,2021-12-31,75.79,77.23,75.79,75.79,84,149
3683,OQH22,2022-01-03,77.3,77.47,75.64,77.3,1209,847
3684,OQH22,2022-01-04,78.45,78.64,77.15,78.45,2089,1621
3685,OQH22,2022-01-05,79.32,79.47,78.11,79.32,2622,2627
3686,OQH22,2022-01-06,80.3,80.68,78.27,80.3,3526,3518
3687,OQH22,2022-01-07,80.1,81.18,80.1,80.1,2281,4579
3688,OQH22,2022-01-10,79.03,80.49,79.03,79.03,3257,5673
3689,OQH22,2022-01-11,81.96,81.96,79.5,81.96,3727,6816
3690,OQH22,2022-01-12,82.85,82.85,81.89,82.85,2992,7919
3691,OQH22,2022-01-13,82.7,83.29,82.25,82.7,3382,9012
3692,OQH22,2022-01-14,85.02,85.02,82.63,85.02,3039,9500
3693,OQH22,2022-01-17,85.02,85.02,85.02,85.02,0,9500
3694,OQH22,2022-01-18,86.44,87.3,84.54,86.44,7107,10947
3695,OQH22,2022-01-19,87.04,87.81,86.35,87.04,2451,11504
3696,OQH22,2022-01-20,86.74,87.71,85.74,86.74,4654,12355
3697,OQH22,2022-01-21,86.46,86.46,84.87,86.46,4099,13502
3698,OQH22,2022-01-24,84.77,87.18,84.77,84.77,4757,14852
3699,OQH22,2022-01-25,87.01,87.02,85.12,87.01,3114,15738
3700,OQH22,2022-01-26,88.56,88.72,86.52,88.56,2288,15366
3701,OQH22,2022-01-27,88.54,89.26,88.37,88.54,1274,15806
3702,OQH22,2022-01-28,87.33,87.7,87.0,87.33,1121,16596
3703,OQJ22,2022-01-31,87.54,88.29,86.41,87.54,219,113
3704,OQJ22,2022-02-01,87.7,88.36,86.39,87.7,2426,1090
3705,OQJ22,2022-02-02,88.14,89.16,87.45,88.14,2035,2035
3706,OQJ22,2022-02-03,89.73,89.73,86.77,89.73,3780,3190
3707,OQJ22,2022-02-04,92.08,92.42,90.02,92.08,4700,4336
3708,OQJ22,2022-02-07,91.55,92.68,91.14,91.55,3051,5378
3709,OQJ22,2022-02-08,89.93,91.67,89.09,89.93,3459,6361
3710,OQJ22,2022-02-09,90.56,90.83,89.18,90.56,3569,7374
3711,OQJ22,2022-02-10,90.43,91.94,90.0,90.43,3661,7826
3712,OQJ22,2022-02-11,93.71,94.8,89.73,93.71,2147,8252
3713,OQJ22,2022-02-14,95.29,95.29,92.14,95.29,1710,8799
3714,OQJ22,2022-02-15,91.72,94.79,91.15,91.72,3018,9707
3715,OQJ22,2022-02-16,93.53,94.05,90.07,93.53,3784,10572
3716,OQJ22,2022-02-17,91.45,93.14,90.65,91.45,2697,11116
3717,OQJ22,2022-02-18,92.39,92.78,89.12,92.39,2076,11116
3718,OQJ22,2022-02-21,92.39,92.39,92.39,92.39,0,11555
3719,OQJ22,2022-02-22,94.33,97.68,91.53,94.33,7603,12621
3720,OQJ22,2022-02-23,93.53,95.15,92.99,93.53,2210,13871
3721,OQJ22,2022-02-24,94.58,98.72,94.58,94.58,1262,13997
3722,OQJ22,2022-02-25,91.0,95.48,91.0,91.0,832,14616
3723,OQK22,2022-02-28,95.84,96.89,95.14,95.84,60,80
3724,OQK22,2022-03-01,103.85,105.92,97.25,103.85,2685,1640
3725,OQK22,2022-03-02,112.68,114.35,107.56,112.68,2893,2617
3726,OQK22,2022-03-03,108.68,119.01,108.3,108.68,2203,4063
3727,OQK22,2022-03-04,116.08,116.08,107.74,116.08,1984,4789
3728,OQK22,2022-03-07,120.5,128.59,117.08,120.5,1406,5580
3729,OQK22,2022-03-08,125.77,130.34,121.7,125.77,2075,6124
3730,OQK22,2022-03-09,109.7,129.55,108.79,109.7,3619,6820
3731,OQK22,2022-03-10,107.77,116.64,107.77,107.77,1699,7308
3732,OQK22,2022-03-11,112.09,113.23,106.98,112.09,6291,8209
3733,OQK22,2022-03-14,106.83,111.27,105.15,106.83,2876,9045
3734,OQK22,2022-03-15,99.29,104.61,97.39,99.29,1927,9888
3735,OQK22,2022-03-16,97.76,103.21,97.76,97.76,5602,11011
3736,OQK22,2022-03-17,105.98,106.29,98.58,105.98,3714,12164
3737,OQK22,2022-03-18,106.6,108.65,104.49,106.6,2739,12888
3738,OQK22,2022-03-21,113.55,114.27,109.02,113.55,3393,13521
3739,OQK22,2022-03-22,112.16,117.08,109.87,112.16,2339,14627
3740,OQK22,2022-03-23,116.93,116.93,111.47,116.93,4935,15006
3741,OQK22,2022-03-24,113.07,118.52,112.05,113.07,2099,16019
3742,OQK22,2022-03-25,116.52,116.52,111.87,116.52,1155,17082
3743,OQK22,2022-03-28,107.93,112.87,107.93,107.93,1204,17977
3744,OQK22,2022-03-29,105.88,109.78,105.88,105.88,1335,18141
3745,OQK22,2022-03-30,109.16,109.16,104.48,109.16,508,18606
3746,OQM22,2022-03-31,102.57,105.98,102.38,102.57,167,94
3747,OQM22,2022-04-01,101.77,103.49,100.61,101.77,2318,847
3748,OQM22,2022-04-04,104.36,105.08,100.11,104.36,4955,1617
3749,OQM22,2022-04-05,103.36,106.38,101.55,103.36,3766,2382
3750,OQM22,2022-04-06,97.02,104.41,96.72,97.02,2365,3295
3751,OQM22,2022-04-07,96.72,99.71,95.4,96.72,3222,4062
3752,OQM22,2022-04-08,98.97,99.62,96.1,98.97,3999,5180
3753,OQM22,2022-04-11,95.51,99.0,94.49,95.51,4179,6344
3754,OQM22,2022-04-12,102.12,102.89,96.5,102.12,4598,7616
3755,OQM22,2022-04-13,106.07,106.07,101.5,106.07,3817,8174
3756,OQM22,2022-04-14,108.62,108.94,103.92,108.62,0,8694
3757,OQM22,2022-04-18,110.4,110.4,107.16,110.4,2739,9706
3758,OQM22,2022-04-19,103.75,110.62,103.75,103.75,3040,10832
3759,OQM22,2022-04-20,104.06,106.07,104.06,104.06,3372,12070
3760,OQM22,2022-04-21,106.0,106.68,105.04,106.0,4044,12585
3761,OQM22,2022-04-22,104.79,105.83,103.61,104.79,1702,13324
3762,OQM22,2022-04-25,100.02,101.87,98.46,100.02,1958,13920
3763,OQM22,2022-04-26,102.09,102.09,98.79,102.09,1877,14535
3764,OQM22,2022-04-27,102.18,103.34,102.18,102.18,932,15110
3765,OQM22,2022-04-28,103.24,103.24,99.72,103.24,2631,13764
3766,OQN22,2022-04-29,102.32,105.02,102.32,102.32,91,281
3767,OQN22,2022-05-02,104.11,104.11,99.67,104.11,2229,1146
3768,OQN22,2022-05-03,101.26,104.13,100.86,101.26,1527,1845
3769,OQN22,2022-05-04,105.92,105.92,101.5,105.92,2285,2637
3770,OQN22,2022-05-05,106.99,109.42,106.06,106.99,3947,3716
3771,OQN22,2022-05-06,108.47,109.4,106.55,108.47,3148,4808
3772,OQN22,2022-05-09,102.07,109.16,101.33,102.07,3550,6097
3773,OQN22,2022-05-10,99.02,103.4,98.87,99.02,2827,6969
3774,OQN22,2022-05-11,104.88,105.36,100.5,104.88,3046,7591
3775,OQN22,2022-05-12,104.85,104.86,102.16,104.85,4368,8562
3776,OQN22,2022-05-13,108.82,108.82,104.9,108.82,2500,9401
3777,OQN22,2022-05-16,110.83,110.83,106.03,110.83,1629,10269
3778,OQN22,2022-05-17,108.08,111.74,107.4,108.08,3528,11013
3779,OQN22,2022-05-18,105.83,110.68,105.83,105.83,3928,11382
3780,OQN22,2022-05-19,109.36,109.36,103.13,109.36,3806,12606
3781,OQN22,2022-05-20,109.47,109.48,107.66,109.47,3677,13309
3782,OQN22,2022-05-23,109.89,110.67,108.43,109.89,3004,13989
3783,OQN22,2022-05-24,108.56,109.16,107.77,108.56,3018,14651
3784,OQN22,2022-05-25,108.57,110.01,108.09,108.57,4102,14240
3785,OQN22,2022-05-26,112.11,112.84,108.87,112.11,1495,15034
3786,OQN22,2022-05-27,112.4,113.37,111.72,112.4,882,0
3787,OQQ22,2022-05-30,110.82,110.82,110.82,110.82,0,57
3788,OQQ22,2022-05-31,110.16,115.35,110.16,110.16,120,60
3789,OQQ22,2022-06-01,111.63,113.46,110.82,111.63,1557,789
3790,OQQ22,2022-06-02,113.0,113.0,108.19,113.0,3103,2240
3791,OQQ22,2022-06-03,115.23,116.82,111.42,115.23,2847,3512
3792,OQQ22,2022-06-06,114.76,116.2,114.63,114.76,2394,4229
3793,OQQ22,2022-06-07,116.37,116.66,114.53,116.37,3935,5402
3794,OQQ22,2022-06-08,119.53,119.89,116.06,119.53,3427,6560
3795,OQQ22,2022-06-09,119.01,119.6,118.62,119.01,3679,7342
3796,OQQ22,2022-06-10,118.01,120.12,115.86,118.01,2372,7913
3797,OQQ22,2022-06-13,118.36,119.63,115.53,118.36,4006,8946
3798,OQQ22,2022-06-14,117.1,120.63,115.39,117.1,3108,9358
3799,OQQ22,2022-06-15,113.6,117.34,112.87,113.6,3726,9918
3800,OQQ22,2022-06-16,115.89,116.23,112.44,115.89,2662,10738
3801,OQQ22,2022-06-17,109.16,117.15,109.16,109.16,3464,0
3802,OQQ22,2022-06-20,109.16,109.16,109.16,109.16,0,11964
3803,OQQ22,2022-06-21,110.71,112.1,108.02,110.71,8404,14143
3804,OQQ22,2022-06-22,107.8,108.9,103.72,107.8,2356,15453
3805,OQQ22,2022-06-23,106.87,108.89,104.67,106.87,2088,16952
3806,OQQ22,2022-06-24,109.23,109.23,105.3,109.23,1805,17849
3807,OQQ22,2022-06-27,110.89,110.89,109.52,110.89,1365,18445
3808,OQQ22,2022-06-28,114.73,114.73,112.28,114.73,806,19085
3809,OQQ22,2022-06-29,110.32,115.62,110.11,110.32,911,18986
3810,OQU22,2022-06-30,104.73,109.06,104.32,104.73,65,36
3811,OQU22,2022-07-01,108.4,109.2,104.49,108.4,1467,0
3812,OQU22,2022-07-04,108.4,108.4,108.4,108.4,0,1036
3813,OQU22,2022-07-05,100.03,111.87,99.26,100.03,3948,2810
3814,OQU22,2022-07-06,97.29,102.75,96.95,97.29,2669,3835
3815,OQU22,2022-07-07,102.22,102.43,96.76,102.22,1765,5025
3816,OQU22,2022-07-08,105.01,105.01,101.36,105.01,2399,5498
3817,OQU22,2022-07-11,105.09,105.09,101.49,105.09,2594,6232
3818,OQU22,2022-07-12,97.46,104.1,97.46,97.46,4257,7217
3819,OQU22,2022-07-13,98.35,99.26,96.74,98.35,3081,8420
3820,OQU22,2022-07-14,100.1,100.1,94.64,100.1,2138,9553
3821,OQU22,2022-07-15,100.56,101.77,97.48,100.56,3507,10362
3822,OQU22,2022-07-18,105.86,105.86,100.04,105.86,2667,10830
3823,OQU22,2022-07-19,105.64,105.95,102.24,105.64,2855,11573
3824,OQU22,2022-07-20,105.28,105.65,103.64,105.28,2741,12587
3825,OQU22,2022-07-21,102.54,105.08,100.51,102.54,4089,13531
3826,OQU22,2022-07-22,101.87,104.23,101.21,101.87,2591,14374
3827,OQU22,2022-07-25,104.65,104.65,100.81,104.65,5376,13307
3828,OQU22,2022-07-26,104.14,106.8,104.14,104.14,2648,14897
3829,OQU22,2022-07-27,105.05,105.22,103.02,105.05,1656,14863
3830,OQU22,2022-07-28,103.54,109.87,103.54,103.54,538,15251
3831,OQV22,2022-07-29,101.83,103.77,101.01,101.83,243,191
3832,OQV22,2022-08-01,99.05,103.24,99.05,99.05,1440,948
3833,OQV22,2022-08-02,100.44,100.48,97.91,100.44,1514,1849
3834,OQV22,2022-08-03,97.0,102.25,97.0,97.0,4334,2778
3835,OQV22,2022-08-04,93.92,97.5,93.34,93.92,2172,3666
3836,OQV22,2022-08-05,94.35,94.59,92.9,94.35,2944,4405
3837,OQV22,2022-08-08,96.6,96.6,93.05,96.6,2653,5293
3838,OQV22,2022-08-09,96.34,98.22,95.01,96.34,4520,6152
3839,OQV22,2022-08-10,97.49,97.49,94.81,97.49,3741,6885
3840,OQV22,2022-08-11,99.22,99.57,96.84,99.22,3600,7983
3841,OQV22,2022-08-12,97.58,99.77,96.75,97.58,3489,8407
3842,OQV22,2022-08-15,94.26,97.04,92.09,94.26,2911,8757
3843,OQV22,2022-08-16,90.96,94.22,90.42,90.96,2725,9379
3844,OQV22,2022-08-17,93.33,93.33,90.66,93.33,2304,9773
3845,OQV22,2022-08-18,96.28,96.28,92.95,96.28,3933,10126
3846,OQV22,2022-08-19,96.15,96.95,94.1,96.15,3669,10385
3847,OQV22,2022-08-22,96.42,96.98,92.7,96.42,3702,11133
3848,OQV22,2022-08-23,100.01,100.01,96.75,100.01,5280,12124
3849,OQV22,2022-08-24,99.85,100.8,97.71,99.85,3054,13264
3850,OQV22,2022-08-25,98.4,101.13,98.4,98.4,1816,14422
3851,OQV22,2022-08-26,101.49,101.49,98.99,101.49,838,15142
3852,OQV22,2022-08-29,103.1,103.1,99.8,103.1,1140,15226
3853,OQV22,2022-08-30,98.12,103.52,98.12,98.12,519,15533
3854,OQX22,2022-08-31,94.8,97.96,94.14,94.8,253,100
3855,OQX22,2022-09-01,91.96,94.8,91.71,91.96,1780,746
3856,OQX22,2022-09-02,92.94,95.16,92.82,92.94,3681,0
3857,OQX22,2022-09-05,92.94,92.94,92.94,92.94,0,1719
3858,OQX22,2022-09-06,92.82,96.47,92.5,92.82,8015,3094
3859,OQX22,2022-09-07,88.5,93.71,88.16,88.5,5107,4081
3860,OQX22,2022-09-08,89.92,89.92,87.35,89.92,3371,5638
3861,OQX22,2022-09-09,92.7,92.81,89.4,92.7,3873,6471
3862,OQX22,2022-09-12,93.53,94.17,91.3,93.53,3854,7173
3863,OQX22,2022-09-13,92.6,95.01,91.63,92.6,5259,7977
3864,OQX22,2022-09-14,93.96,95.34,91.49,93.96,4074,8412
3865,OQX22,2022-09-15,90.82,94.46,90.73,90.82,3041,8953
3866,OQX22,2022-09-16,91.8,92.9,90.41,91.8,3992,9442
3867,OQX22,2022-09-19,92.06,92.58,88.7,92.06,3972,10023
3868,OQX22,2022-09-20,90.43,92.79,89.66,90.43,2953,10436
3869,OQX22,2022-09-21,89.58,93.26,89.46,89.58,3610,11454
3870,OQX22,2022-09-22,90.65,92.87,89.73,90.65,5349,12107
3871,OQX22,2022-09-23,86.59,90.79,86.07,86.59,4886,11374
3872,OQX22,2022-09-26,83.82,87.47,83.74,83.82,2345,11830
3873,OQX22,2022-09-27,85.1,85.1,83.87,85.1,2510,12399
3874,OQX22,2022-09-28,87.22,87.22,82.95,87.22,751,12864
3875,OQX22,2022-09-29,88.38,89.36,87.15,88.38,610,12988
3876,OQZ22,2022-09-30,84.37,87.6,84.37,84.37,50,113
3877,OQZ22,2022-10-03,88.44,88.71,86.46,88.44,3408,701
3878,OQZ22,2022-10-04,91.05,91.54,88.4,91.05,3070,1358
3879,OQZ22,2022-10-05,92.22,92.84,90.34,92.22,4643,2126
3880,OQZ22,2022-10-06,93.58,93.98,92.32,93.58,3063,3113
3881,OQZ22,2022-10-07,97.62,97.62,93.68,97.62,3515,3899
3882,OQZ22,2022-10-10,95.38,97.39,95.38,95.38,3653,4644
3883,OQZ22,2022-10-11,93.45,95.56,92.56,93.45,2884,5893
3884,OQZ22,2022-10-12,90.82,94.1,90.34,90.82,2994,6772
3885,OQZ22,2022-10-13,92.65,92.65,89.47,92.65,3597,7767
3886,OQZ22,2022-10-14,89.7,93.11,89.53,89.7,2180,8191
3887,OQZ22,2022-10-17,89.37,91.02,88.76,89.37,1989,9083
3888,OQZ22,2022-10-18,86.83,90.08,85.59,86.83,2762,9978
3889,OQZ22,2022-10-19,88.87,88.88,85.6,88.87,2599,10799
3890,OQZ22,2022-10-20,88.85,90.71,88.67,88.85,3332,11272
3891,OQZ22,2022-10-21,91.1,91.24,88.6,91.1,3752,11772
3892,OQZ22,2022-10-24,88.21,91.66,88.21,88.21,4039,12220
3893,OQZ22,2022-10-25,90.59,90.59,89.4,90.59,4126,13216
3894,OQZ22,2022-10-26,91.46,91.46,89.42,91.46,1928,13745
3895,OQZ22,2022-10-27,91.9,91.9,90.08,91.9,1182,14239
3896,OQZ22,2022-10-28,90.83,92.88,90.83,90.83,767,14916
3897,OQF23,2022-10-31,89.77,90.13,89.1,89.77,182,227
3898,OQF23,2022-11-01,91.24,91.92,89.96,91.24,3779,1024
3899,OQF23,2022-11-02,92.24,92.55,89.87,92.24,3315,2726
3900,OQF23,2022-11-03,90.04,91.66,89.65,90.04,2588,4117
3901,OQF23,2022-11-04,94.19,94.19,89.92,94.19,3999,5290
3902,OQF23,2022-11-07,93.81,94.64,92.73,93.81,5379,6472
3903,OQF23,2022-11-08,90.59,93.17,90.59,90.59,3512,7714
3904,OQF23,2022-11-09,87.61,90.58,87.61,87.61,4654,9037
3905,OQF23,2022-11-10,88.55,88.94,86.86,88.55,2043,9965
3906,OQF23,2022-11-11,91.11,91.75,88.89,91.11,3812,10609
3907,OQF23,2022-11-14,88.33,91.96,88.33,88.33,3369,11562
3908,OQF23,2022-11-15,88.24,88.32,86.1,88.24,4404,12851
3909,OQF23,2022-11-16,87.13,88.79,87.13,87.13,3709,13760
3910,OQF23,2022-11-17,84.26,87.36,84.09,84.26,4689,14427
3911,OQF23,2022-11-18,81.97,85.13,80.96,81.97,3146,15157
3912,OQF23,2022-11-21,81.88,82.36,77.25,81.88,3761,15733
3913,OQF23,2022-11-22,81.55,82.72,80.82,81.55,2079,16682
3914,OQF23,2022-11-23,78.62,82.38,77.61,78.62,3934,17071
3915,OQF23,2022-11-24,78.62,78.62,78.62,78.62,0,17071
3916,OQF23,2022-11-25,78.11,81.29,77.16,78.11,3751,18850
3917,OQF23,2022-11-28,79.07,79.07,76.1,79.07,1073,19735
3918,OQF23,2022-11-29,78.67,81.85,78.67,78.67,2456,18976
3919,OQG23,2022-11-30,81.01,81.01,78.61,81.01,190,186
3920,OQG23,2022-12-01,81.41,83.56,80.64,81.41,2291,1178
3921,OQG23,2022-12-02,80.07,82.31,79.88,80.07,3694,1874
3922,OQG23,2022-12-05,77.08,82.08,77.08,77.08,4254,2896
3923,OQG23,2022-12-06,74.68,78.65,74.68,74.68,3287,3876
3924,OQG23,2022-12-07,73.14,75.88,73.14,73.14,3189,4767
3925,OQG23,2022-12-08,71.85,74.62,71.85,71.85,2986,5994
3926,OQG23,2022-12-09,72.07,73.17,71.83,72.07,3672,7120
3927,OQG23,2022-12-12,73.89,74.43,71.51,73.89,3372,7993
3928,OQG23,2022-12-13,76.91,77.32,74.58,76.91,4182,9201
3929,OQG23,2022-12-14,78.76,78.77,76.52,78.76,3783,10733
3930,OQG23,2022-12-15,77.38,79.23,77.17,77.38,3918,11753
3931,OQG23,2022-12-16,75.61,77.92,75.61,75.61,4844,12539
3932,OQG23,2022-12-19,77.03,77.54,75.46,77.03,4124,13017
3933,OQG23,2022-12-20,77.04,78.05,76.02,77.04,3649,13975
3934,OQG23,2022-12-21,79.63,79.63,76.86,79.63,3340,14568
3935,OQG23,2022-12-22,78.24,80.89,78.24,78.24,4558,15506
3936,OQG23,2022-12-23,80.81,80.81,78.33,80.81,0,14777
3937,OQG23,2022-12-27,80.93,81.47,80.34,80.93,963,15519
3938,OQG23,2022-12-28,81.0,81.19,80.16,81.0,1309,15732
3939,OQG23,2022-12-29,78.19,78.4,77.58,78.19,526,16171
3940,OQH23,2022-12-30,80.97,80.97,78.2,80.97,0,0
3941,OQH23,2023-01-03,78.95,82.84,78.95,78.95,2418,1016
3942,OQH23,2023-01-04,74.56,78.45,74.56,74.56,4421,2602
3943,OQH23,2023-01-05,75.36,76.36,74.81,75.36,5239,3867
3944,OQH23,2023-01-06,75.22,76.67,74.71,75.22,4485,4989
3945,OQH23,2023-01-09,76.5,77.94,75.77,76.5,4208,6282
3946,OQH23,2023-01-10,77.11,77.59,75.67,77.11,5546,7827
3947,OQH23,2023-01-11,79.67,79.67,76.49,79.67,2546,8796
3948,OQH23,2023-01-12,81.11,81.42,79.5,81.11,3277,10058
3949,OQH23,2023-01-13,82.66,82.85,80.77,82.66,3474,11076
3950,OQH23,2023-01-16,82.66,82.66,82.66,82.66,0,11076
3951,OQH23,2023-01-17,84.04,84.77,81.83,84.04,7812,13567
3952,OQH23,2023-01-18,82.43,85.04,82.31,82.43,4304,15094
3953,OQH23,2023-01-19,83.63,84.27,81.23,83.63,4791,16388
3954,OQH23,2023-01-20,84.93,84.93,83.11,84.93,5193,17259
3955,OQH23,2023-01-23,85.69,86.13,84.28,85.69,2942,18039
3956,OQH23,2023-01-24,83.4,85.8,83.4,83.4,3952,19152
3957,OQH23,2023-01-25,83.59,84.17,83.59,83.59,1880,20391
3958,OQH23,2023-01-26,84.72,85.2,83.22,84.72,1757,20635
3959,OQH23,2023-01-27,83.29,85.19,83.29,83.29,2358,20524
3960,OQH23,2023-01-30,81.09,82.98,81.09,81.09,672,21036
3961,OQJ23,2023-01-31,82.32,82.32,80.21,82.32,50,23
3962,OQJ23,2023-02-01,80.72,83.8,80.72,80.72,2258,1169
3963,OQJ23,2023-02-02,80.39,81.23,80.39,80.39,3359,2486
3964,OQJ23,2023-02-03,78.18,82.2,78.18,78.18,3006,3764
3965,OQJ23,2023-02-06,78.89,79.0,77.31,78.89,4547,5327
3966,OQJ23,2023-02-07,81.72,82.1,79.58,81.72,3610,6746
3967,OQJ23,2023-02-08,83.16,83.16,81.48,83.16,3874,8292
3968,OQJ23,2023-02-09,82.76,83.6,81.37,82.76,2865,9594
3969,OQJ23,2023-02-10,84.82,85.19,82.34,84.82,2519,10679
3970,OQJ23,2023-02-13,85.51,85.71,84.05,85.51,3573,11812
3971,OQJ23,2023-02-14,84.65,85.29,84.35,84.65,4392,12823
3972,OQJ23,2023-02-15,84.15,84.45,82.71,84.15,4200,14321
3973,OQJ23,2023-02-16,83.41,84.75,83.14,83.41,3380,15445
3974,OQJ23,2023-02-17,82.0,82.81,81.0,82.0,3860,15445
3975,OQJ23,2023-02-20,82.0,82.0,82.0,82.0,0,16756
3976,OQJ23,2023-02-21,81.3,82.86,80.88,81.3,6145,18718
3977,OQJ23,2023-02-22,79.09,81.5,79.09,79.09,2706,19876
3978,OQJ23,2023-02-23,81.8,81.8,79.37,81.8,4416,18987
3979,OQJ23,2023-02-24,82.28,82.91,81.2,82.28,2089,19333
3980,OQJ23,2023-02-27,80.7,82.59,80.7,80.7,2629,17955
3981,OQK23,2023-02-28,81.59,82.08,80.66,81.59,191,85
3982,OQK23,2023-03-01,82.77,82.77,81.32,82.77,1635,946
3983,OQK23,2023-03-02,83.5,83.65,82.55,83.5,2586,1758
3984,OQK23,2023-03-03,84.53,84.53,81.27,84.53,3607,2435
3985,OQK23,2023-03-06,84.8,84.87,83.11,84.8,3771,3085
3986,OQK23,2023-03-07,81.79,85.09,81.79,81.79,2255,3887
3987,OQK23,2023-03-08,81.52,82.25,81.02,81.52,2681,5021
3988,OQK23,2023-03-09,80.53,82.87,80.48,80.53,3704,5596
3989,OQK23,2023-03-10,82.12,82.12,80.02,82.12,3419,6181
3990,OQK23,2023-03-13,80.39,82.65,77.9,80.39,3099,6799
3991,OQK23,2023-03-14,76.96,79.62,76.75,76.96,3558,7594
3992,OQK23,2023-03-15,73.11,78.02,71.42,73.11,3257,8333
3993,OQK23,2023-03-16,74.1,74.32,71.51,74.1,3429,8933
3994,OQK23,2023-03-17,72.49,75.26,71.11,72.49,3234,9588
3995,OQK23,2023-03-20,73.65,73.65,70.08,73.65,1738,10390
3996,OQK23,2023-03-21,75.05,75.05,72.72,75.05,5280,10528
3997,OQK23,2023-03-22,76.34,76.34,74.23,76.34,2919,11541
3998,OQK23,2023-03-23,75.7,76.94,75.04,75.7,2708,12387
3999,OQK23,2023-03-24,74.6,75.9,72.59,74.6,3968,13673
4000,OQK23,2023-03-27,77.48,77.48,74.73,77.48,2886,15177
4001,OQK23,2023-03-28,77.66,78.18,77.25,77.66,2163,15634
4002,OQK23,2023-03-29,77.33,78.6,77.33,77.33,2254,14697
4003,OQK23,2023-03-30,77.72,78.0,76.54,77.72,718,15308
4004,OQM23,2023-03-31,79.5,79.5,77.45,79.5,266,147
4005,OQM23,2023-04-03,84.75,85.69,83.74,84.75,2624,1415
4006,OQM23,2023-04-04,84.55,85.44,83.91,84.55,3035,2714
4007,OQM23,2023-04-05,84.78,85.04,83.9,84.78,4707,4061
4008,OQM23,2023-04-06,84.84,85.14,83.78,84.84,0,5210
4009,OQM23,2023-04-10,83.91,84.97,83.91,83.91,3679,6525
4010,OQM23,2023-04-11,85.54,85.54,83.8,85.54,4945,7665
4011,OQM23,2023-04-12,87.31,87.31,85.44,87.31,3418,8790
4012,OQM23,2023-04-13,86.13,87.42,86.13,86.13,4491,10300
4013,OQM23,2023-04-14,86.35,86.48,85.83,86.35,5261,12123
4014,OQM23,2023-04-17,84.91,86.34,84.91,84.91,5419,14160
4015,OQM23,2023-04-18,84.82,85.24,84.12,84.82,2921,15892
4016,OQM23,2023-04-19,83.46,84.57,83.08,83.46,4509,17178
4017,OQM23,2023-04-20,80.84,82.56,80.54,80.84,3229,18661
4018,OQM23,2023-04-21,81.66,81.66,80.23,81.66,3904,19809
4019,OQM23,2023-04-24,82.72,82.72,80.59,82.72,2203,21076
4020,OQM23,2023-04-25,80.98,83.35,80.98,80.98,2979,20379
4021,OQM23,2023-04-26,77.44,81.35,77.44,77.44,1680,21525
4022,OQM23,2023-04-27,77.51,77.63,76.16,77.51,2081,20588
4023,OQN23,2023-04-28,80.22,80.22,77.49,80.22,219,216
4024,OQN23,2023-05-01,78.83,79.48,78.25,78.83,1667,1020
4025,OQN23,2023-05-02,74.99,79.34,74.99,74.99,2838,1724
4026,OQN23,2023-05-03,71.95,75.08,71.95,71.95,3318,3031
4027,OQN23,2023-05-04,72.17,73.08,71.46,72.17,3558,3930
4028,OQN23,2023-05-05,75.1,75.49,72.47,75.1,2840,5197
4029,OQN23,2023-05-08,76.73,76.97,74.97,76.73,2677,5892
4030,OQN23,2023-05-09,77.07,77.07,75.16,77.07,2898,6470
4031,OQN23,2023-05-10,75.89,76.88,75.57,75.89,3498,7181
4032,OQN23,2023-05-11,74.36,76.59,74.36,74.36,3994,7986
4033,OQN23,2023-05-12,73.33,74.79,73.33,73.33,3404,8667
4034,OQN23,2023-05-15,74.06,74.38,72.75,74.06,4247,9649
4035,OQN23,2023-05-16,73.9,74.8,73.66,73.9,3618,10330
4036,OQN23,2023-05-17,75.67,75.85,73.11,75.67,4467,10916
4037,OQN23,2023-05-18,74.54,75.61,74.54,74.54,3623,11686
4038,OQN23,2023-05-19,74.31,76.06,74.31,74.31,3811,12340
4039,OQN23,2023-05-22,74.79,74.84,73.59,74.79,3425,13402
4040,OQN23,2023-05-23,75.79,76.4,74.56,75.79,5905,13570
4041,OQN23,2023-05-24,77.3,77.3,75.95,77.3,2396,14564
4042,OQN23,2023-05-25,75.14,76.82,75.14,75.14,1864,15273
4043,OQN23,2023-05-26,75.86,75.86,74.64,75.86,2730,15273
4044,OQN23,2023-05-29,75.86,75.86,75.86,75.86,0,14702
4045,OQN23,2023-05-30,71.57,76.0,71.57,71.57,1321,15249
4046,OQQ23,2023-05-31,71.12,72.38,70.2,71.12,293,269
4047,OQQ23,2023-06-01,72.7,73.64,70.68,72.7,4232,1515
4048,OQQ23,2023-06-02,74.46,74.63,72.84,74.46,3997,2498
4049,OQQ23,2023-06-05,75.7,76.76,75.34,75.7,4084,4002
4050,OQQ23,2023-06-06,75.47,75.73,73.99,75.47,2444,4787
4051,OQQ23,2023-06-07,76.16,76.71,74.75,76.16,4554,6043
4052,OQQ23,2023-06-08,75.28,76.82,73.22,75.28,4144,7372
4053,OQQ23,2023-06-09,74.12,75.65,74.12,74.12,2136,8480
4054,OQQ23,2023-06-12,71.18,73.44,71.07,71.18,3505,9560
4055,OQQ23,2023-06-13,73.76,73.91,71.45,73.76,3465,10719
4056,OQQ23,2023-06-14,72.73,74.88,72.73,72.73,4039,11687
4057,OQQ23,2023-06-15,75.27,75.43,72.62,75.27,2951,12548
4058,OQQ23,2023-06-16,76.35,76.35,74.99,76.35,2263,0
4059,OQQ23,2023-06-19,76.35,76.35,76.35,76.35,0,13303
4060,OQQ23,2023-06-20,76.64,77.7,75.24,76.64,7718,15310
4061,OQQ23,2023-06-21,77.88,77.88,76.52,77.88,4300,15769
4062,OQQ23,2023-06-22,74.87,77.94,74.79,74.87,5496,17870
4063,OQQ23,2023-06-23,74.86,74.95,73.43,74.86,4796,18042
4064,OQQ23,2023-06-26,75.18,75.74,74.48,75.18,2855,19277
4065,OQQ23,2023-06-27,73.3,75.82,73.3,73.3,2679,20326
4066,OQQ23,2023-06-28,75.31,75.31,73.07,75.31,2992,19270
4067,OQQ23,2023-06-29,76.33,76.33,73.48,76.33,652,19815
4068,OQU23,2023-06-30,75.65,75.83,74.86,75.65,529,395
4069,OQU23,2023-07-03,75.06,76.63,75.06,75.06,2257,395
4070,OQU23,2023-07-04,75.06,75.06,75.06,75.06,0,1181
4071,OQU23,2023-07-05,76.88,77.06,75.08,76.88,5359,2733
4072,OQU23,2023-07-06,77.71,77.77,76.38,77.71,2697,3355
4073,OQU23,2023-07-07,79.31,79.31,77.23,79.31,3697,4301
4074,OQU23,2023-07-10,78.18,79.11,78.18,78.18,3245,5352
4075,OQU23,2023-07-11,79.84,79.84,78.28,79.84,3178,7056
4076,OQU23,2023-07-12,80.45,80.64,79.65,80.45,3055,8013
4077,OQU23,2023-07-13,81.89,82.02,80.61,81.89,4028,9029
4078,OQU23,2023-07-14,80.69,82.3,80.64,80.69,2958,10042
4079,OQU23,2023-07-17,79.45,81.39,79.26,79.45,2994,10694
4080,OQU23,2023-07-18,80.78,80.93,79.43,80.78,2004,11210
4081,OQU23,2023-07-19,80.61,81.99,80.61,80.61,3672,12470
4082,OQU23,2023-07-20,80.88,81.45,80.46,80.88,2187,13461
4083,OQU23,2023-07-21,82.49,82.49,81.01,82.49,2434,14417
4084,OQU23,2023-07-24,84.24,84.34,82.03,84.24,5325,15316
4085,OQU23,2023-07-25,85.15,85.15,84.17,85.15,5481,15965
4086,OQU23,2023-07-26,84.09,84.64,84.09,84.09,1562,16918
4087,OQU23,2023-07-27,84.32,84.77,83.9,84.32,3828,14450
4088,OQU23,2023-07-28,85.08,85.64,84.53,85.08,570,14783
4089,OQV23,2023-07-31,85.88,85.88,84.71,85.88,293,163
4090,OQV23,2023-08-01,85.9,86.3,85.52,85.9,2181,1304
4091,OQV23,2023-08-02,84.36,86.96,83.95,84.36,2125,2145
4092,OQV23,2023-08-03,86.49,86.49,83.71,86.49,3193,3226
4093,OQV23,2023-08-04,87.57,87.87,86.54,87.57,2881,4036
4094,OQV23,2023-08-07,87.07,87.9,86.93,87.07,2797,4770
4095,OQV23,2023-08-08,87.94,88.04,85.22,87.94,4722,5351
4096,OQV23,2023-08-09,89.06,89.06,87.62,89.06,2707,5878
4097,OQV23,2023-08-10,87.45,89.35,87.41,87.45,2883,6390
4098,OQV23,2023-08-11,88.01,88.28,87.18,88.01,3837,7271
4099,OQV23,2023-08-14,87.48,87.84,87.06,87.48,3125,8116
4100,OQV23,2023-08-15,85.87,87.8,85.6,85.87,2818,9214
4101,OQV23,2023-08-16,84.66,86.16,84.66,84.66,3172,10228
4102,OQV23,2023-08-17,85.53,86.08,84.51,85.53,2688,11301
4103,OQV23,2023-08-18,86.03,86.03,84.81,86.03,2909,12390
4104,OQV23,2023-08-21,85.99,87.32,85.92,85.99,3605,13845
4105,OQV23,2023-08-22,85.6,86.16,85.53,85.6,3908,15209
4106,OQV23,2023-08-23,85.14,85.8,84.09,85.14,4613,14917
4107,OQV23,2023-08-24,85.6,85.73,84.42,85.6,2230,15603
4108,OQV23,2023-08-25,86.55,86.55,86.1,86.55,2414,16385
4109,OQV23,2023-08-28,86.27,86.94,86.12,86.27,1520,16849
4110,OQV23,2023-08-29,87.13,87.13,85.61,87.13,962,17215
4111,OQV23,2023-08-30,85.5,88.3,85.5,85.5,2173,16120
4112,OQX23,2023-08-31,88.08,88.08,86.41,88.08,360,126
4113,OQX23,2023-09-01,89.72,90.02,88.12,89.72,1483,126
4114,OQX23,2023-09-04,89.72,89.72,89.72,89.72,0,1214
4115,OQX23,2023-09-05,91.05,91.05,89.12,91.05,7501,3416
4116,OQX23,2023-09-06,91.72,91.72,90.35,91.72,2872,4618
4117,OQX23,2023-09-07,91.11,91.56,91.11,91.11,4577,5943
4118,OQX23,2023-09-08,91.85,91.85,90.56,91.85,2778,7241
4119,OQX23,2023-09-11,91.84,92.62,91.48,91.84,2520,8561
4120,OQX23,2023-09-12,93.26,93.52,92.04,93.26,3511,9627
4121,OQX23,2023-09-13,93.05,93.87,92.9,93.05,1795,10944
4122,OQX23,2023-09-14,94.93,95.17,93.49,94.93,2529,12010
4123,OQX23,2023-09-15,95.28,95.75,94.07,95.28,2748,12953
4124,OQX23,2023-09-18,95.53,95.94,95.14,95.53,2278,13884
4125,OQX23,2023-09-19,94.48,95.87,94.48,94.48,1693,14914
4126,OQX23,2023-09-20,94.02,94.82,93.51,94.02,2682,16422
4127,OQX23,2023-09-21,94.01,95.29,92.97,94.01,2723,17612
4128,OQX23,2023-09-22,94.08,95.33,93.76,94.08,3870,18932
4129,OQX23,2023-09-25,93.69,94.76,93.5,93.69,3338,18924
4130,OQX23,2023-09-26,94.24,94.44,92.3,94.24,2804,18868
4131,OQX23,2023-09-27,94.5,96.0,93.4,94.5,1699,19398
4132,OQX23,2023-09-28,95.05,95.34,94.1,95.05,809,20107
4133,OQZ23,2023-09-29,92.29,93.93,92.29,92.29,290,122
4134,OQZ23,2023-10-02,91.36,93.73,91.35,91.36,1030,922
4135,OQZ23,2023-10-03,91.35,91.95,90.24,91.35,2746,1824
4136,OQZ23,2023-10-04,86.21,91.39,86.21,86.21,2544,2619
4137,OQZ23,2023-10-05,84.44,86.89,84.44,84.44,1660,3402
4138,OQZ23,2023-10-06,84.98,85.16,84.05,84.98,3862,4081
4139,OQZ23,2023-10-09,88.36,88.39,86.9,88.36,2388,4859
4140,OQZ23,2023-10-10,87.78,88.56,87.36,87.78,4375,5768
4141,OQZ23,2023-10-11,86.48,88.46,86.48,86.48,3368,6944
4142,OQZ23,2023-10-12,86.98,88.04,85.97,86.98,4442,8339
4143,OQZ23,2023-10-13,91.47,91.47,87.53,91.47,3028,9335
4144,OQZ23,2023-10-16,90.5,92.02,90.29,90.5,2234,10164
4145,OQZ23,2023-10-17,91.04,91.23,90.36,91.04,3739,10997
4146,OQZ23,2023-10-18,92.44,93.74,91.85,92.44,4009,11715
4147,OQZ23,2023-10-19,93.32,94.22,90.62,93.32,5516,12645
4148,OQZ23,2023-10-20,92.33,94.23,92.13,92.33,2841,13646
4149,OQZ23,2023-10-23,90.27,92.74,90.16,90.27,3093,14258
4150,OQZ23,2023-10-24,88.72,91.15,88.72,88.72,3900,13879
4151,OQZ23,2023-10-25,91.11,91.11,87.96,91.11,2206,14864
4152,OQZ23,2023-10-26,88.65,90.94,88.65,88.65,2134,16021
4153,OQZ23,2023-10-27,90.88,90.88,90.18,90.88,1759,15648
4154,OQZ23,2023-10-30,87.52,90.17,87.52,87.52,1017,15538
4155,OQF24,2023-10-31,85.51,87.77,85.48,85.51,58,57
4156,OQF24,2023-11-01,85.53,88.13,85.53,85.53,2195,1117
4157,OQF24,2023-11-02,87.85,87.96,86.35,87.85,2401,2102
4158,OQF24,2023-11-03,85.87,88.59,85.87,85.87,2128,3349
4159,OQF24,2023-11-06,86.45,87.56,86.35,86.45,3168,5065
4160,OQF24,2023-11-07,82.72,85.74,82.72,82.72,3833,6746
4161,OQF24,2023-11-08,80.76,83.06,80.76,80.76,2811,8053
4162,OQF24,2023-11-09,81.21,82.37,80.68,81.21,3163,9413
4163,OQF24,2023-11-10,82.34,82.8,81.33,82.34,4699,10269
4164,OQF24,2023-11-13,83.34,83.4,81.24,83.34,3791,11510
4165,OQF24,2023-11-14,83.33,84.5,83.18,83.33,4515,13234
4166,OQF24,2023-11-15,81.81,83.68,81.68,81.81,5225,14807
4167,OQF24,2023-11-16,78.75,82.3,78.75,78.75,2979,16120
4168,OQF24,2023-11-17,81.98,81.98,78.87,81.98,3083,17546
4169,OQF24,2023-11-20,83.88,84.3,82.37,83.88,4564,19181
4170,OQF24,2023-11-21,84.15,84.15,82.99,84.15,5577,21064
4171,OQF24,2023-11-22,83.64,84.2,80.16,83.64,4544,21064
4172,OQF24,2023-11-23,83.64,83.64,83.64,83.64,0,22693
4173,OQF24,2023-11-24,81.95,83.57,81.88,81.95,8577,24282
4174,OQF24,2023-11-27,81.36,82.49,80.77,81.36,2858,23496
4175,OQF24,2023-11-28,82.83,82.83,79.66,82.83,1211,24322
4176,OQF24,2023-11-29,81.34,81.46,79.98,81.34,725,24844
4177,OQG24,2023-11-30,81.24,84.61,80.53,81.24,132,126
4178,OQG24,2023-12-01,79.21,81.53,79.21,79.21,3061,1440
4179,OQG24,2023-12-04,77.95,79.28,77.53,77.95,3230,2817
4180,OQG24,2023-12-05,77.07,78.9,77.07,77.07,5016,4091
4181,OQG24,2023-12-06,74.43,77.84,74.43,74.43,4136,5181
4182,OQG24,2023-12-07,74.21,75.64,74.01,74.21,2643,6310
4183,OQG24,2023-12-08,76.17,76.68,75.54,76.17,4854,7306
4184,OQG24,2023-12-11,76.43,76.79,75.48,76.43,4430,8350
4185,OQG24,2023-12-12,72.99,76.89,72.69,72.99,3188,9377
4186,OQG24,2023-12-13,73.09,73.48,71.1,73.09,2909,10886
4187,OQG24,2023-12-14,75.75,76.08,73.53,75.75,2770,11776
4188,OQG24,2023-12-15,75.69,76.22,75.69,75.69,3073,12688
4189,OQG24,2023-12-18,76.83,77.53,74.73,76.83,3977,13826
4190,OQG24,2023-12-19,78.26,78.61,76.51,78.26,2266,15341
4191,OQG24,2023-12-20,78.86,79.54,78.27,78.86,3624,16293
4192,OQG24,2023-12-21,78.31,79.05,77.02,78.31,3613,16498
4193,OQG24,2023-12-22,78.08,79.4,78.08,78.08,0,16816
4194,OQG24,2023-12-26,79.44,79.48,78.37,79.44,1797,17408
4195,OQG24,2023-12-27,80.22,80.34,80.19,80.22,1617,18699
4196,OQG24,2023-12-28,77.37,79.09,77.37,77.37,2678,17377
4197,OQH24,2023-12-29,76.64,77.47,76.64,76.64,61,67
4198,OQH24,2024-01-02,75.75,78.76,75.75,75.75,2460,1481
4199,OQH24,2024-01-03,78.19,78.19,74.85,78.19,4043,2803
4200,OQH24,2024-01-04,77.43,79.05,77.43,77.43,2653,4628
4201,OQH24,2024-01-05,78.53,78.82,77.53,78.53,4653,6387
4202,OQH24,2024-01-08,76.09,78.03,75.52,76.09,3406,8125
4203,OQH24,2024-01-09,77.73,78.2,76.06,77.73,4806,9794
4204,OQH24,2024-01-10,77.05,78.93,77.05,77.05,4147,11430
4205,OQH24,2024-01-11,77.5,78.93,77.08,77.5,4458,12743
4206,OQH24,2024-01-12,78.43,80.55,78.43,78.43,0,13957
4207,OQH24,2024-01-16,78.18,78.99,76.91,78.18,6964,16168
4208,OQH24,2024-01-17,77.52,77.69,76.23,77.52,3090,17149
4209,OQH24,2024-01-18,78.66,78.72,77.3,78.66,4275,17925
4210,OQH24,2024-01-19,78.11,79.18,78.02,78.11,3651,18996
4211,OQH24,2024-01-22,79.75,79.75,77.59,79.75,3710,19618
4212,OQH24,2024-01-23,79.14,80.0,78.56,79.14,4100,20892
4213,OQH24,2024-01-24,80.02,80.55,79.06,80.02,3487,22188
4214,OQH24,2024-01-25,82.36,82.36,80.26,82.36,4313,23244
4215,OQH24,2024-01-26,83.1,83.19,81.44,83.1,2886,24122
4216,OQH24,2024-01-29,81.34,83.39,81.07,81.34,2894,23760
4217,OQH24,2024-01-30,81.58,81.99,80.46,81.58,1706,23390
4218,OQJ24,2024-01-31,80.04,81.86,79.92,80.04,222,178
4219,OQJ24,2024-02-01,78.59,81.34,78.59,78.59,3732,1052
4220,OQJ24,2024-02-02,77.32,79.32,77.0,77.32,2038,1982
4221,OQJ24,2024-02-05,77.94,78.18,76.83,77.94,5013,3696
4222,OQJ24,2024-02-06,78.27,78.31,77.37,78.27,4094,5036
4223,OQJ24,2024-02-07,78.97,79.22,78.29,78.97,2715,6301
4224,OQJ24,2024-02-08,81.22,81.32,78.88,81.22,4840,7871
4225,OQJ24,2024-02-09,81.56,81.73,80.77,81.56,2703,8965
4226,OQJ24,2024-02-12,81.45,81.54,80.38,81.45,4705,9920
4227,OQJ24,2024-02-13,82.42,82.49,81.63,82.42,5319,11200
4228,OQJ24,2024-02-14,81.0,82.84,81.0,81.0,4652,12056
4229,OQJ24,2024-02-15,82.42,82.78,80.43,82.42,3306,13238
4230,OQJ24,2024-02-16,82.88,82.99,81.36,82.88,0,14642
4231,OQJ24,2024-02-20,81.64,82.93,81.48,81.64,9903,15950
4232,OQJ24,2024-02-21,82.49,82.49,81.24,82.49,4920,17124
4233,OQJ24,2024-02-22,82.92,82.92,81.69,82.92,4654,17816
4234,OQJ24,2024-02-23,80.58,82.35,80.58,80.58,3408,18369
4235,OQJ24,2024-02-26,81.75,81.98,80.31,81.75,3039,19089
4236,OQJ24,2024-02-27,82.69,82.69,81.6,82.69,3267,18570
4237,OQJ24,2024-02-28,81.5,82.17,81.12,81.5,882,19264
4238,OQK24,2024-02-29,81.61,81.78,81.3,81.61,178,106
4239,OQK24,2024-03-01,82.93,83.5,81.42,82.93,3015,1400
4240,OQK24,2024-03-04,82.1,83.28,81.96,82.1,3783,2802
4241,OQK24,2024-03-05,81.64,82.65,81.55,81.64,3408,4067
4242,OQK24,2024-03-06,82.67,83.57,81.71,82.67,3519,5060
4243,OQK24,2024-03-07,82.68,83.14,81.98,82.68,3829,6228
4244,OQK24,2024-03-08,81.79,83.48,81.6,81.79,1998,7375
4245,OQK24,2024-03-11,82.15,82.58,81.14,82.15,3819,8319
4246,OQK24,2024-03-12,82.04,83.01,81.89,82.04,4582,9754
4247,OQK24,2024-03-13,84.2,84.23,82.24,84.2,4366,11022
4248,OQK24,2024-03-14,85.17,85.26,84.1,85.17,5003,12188
4249,OQK24,2024-03-15,85.0,85.05,84.4,85.0,3512,13680
4250,OQK24,2024-03-18,86.66,86.83,85.05,86.66,4009,14719
4251,OQK24,2024-03-19,87.1,87.27,86.3,87.1,5677,16292
4252,OQK24,2024-03-20,85.66,86.97,85.34,85.66,4621,17613
4253,OQK24,2024-03-21,85.49,86.28,84.91,85.49,5111,19004
4254,OQK24,2024-03-22,85.07,85.45,84.94,85.07,6984,20511
4255,OQK24,2024-03-25,85.47,85.5,85.14,85.47,2670,22445
4256,OQK24,2024-03-26,86.15,86.41,85.98,86.15,5928,19233
4257,OQK24,2024-03-27,85.12,85.52,85.0,85.12,2958,18048
4258,OQM24,2024-03-28,87.28,87.28,85.86,87.28,0,91
4259,OQM24,2024-04-01,88.0,88.42,87.01,88.0,1719,1603
4260,OQM24,2024-04-02,89.5,89.65,88.27,89.5,1767,3053
4261,OQM24,2024-04-03,89.92,90.44,89.33,89.92,5733,4598
4262,OQM24,2024-04-04,91.06,91.41,89.33,91.06,5614,6153
4263,OQM24,2024-04-05,91.35,91.99,90.84,91.35,3326,7655
4264,OQM24,2024-04-08,90.17,90.95,89.83,90.47,3678,9216
4265,OQM24,2024-04-09,90.61,90.85,89.37,89.39,4693,10626
4266,OQM24,2024-04-10,89.56,90.64,89.02,90.58,6268,11327
4267,OQM24,2024-04-11,90.81,90.9,89.6,89.8,3787,12547
4268,OQM24,2024-04-12,90.42,91.3,90.21,90.32,3960,13747
4269,OQM24,2024-04-15,89.35,90.45,88.98,90.21,5416,15741
4270,OQM24,2024-04-16,90.22,90.86,89.97,90.43,4407,17032
4271,OQM24,2024-04-17,90.1,90.61,88.07,88.07,4637,17492
4272,OQM24,2024-04-18,87.5,88.4,87.26,88.04,3128,18449
4273,OQM24,2024-04-19,87.8,90.75,87.1,88.02,3322,19410
4274,OQM24,2024-04-22,86.66,87.95,86.65,87.8,3126,18374
4275,OQM24,2024-04-23,88.63,89.13,86.94,89.13,2331,18250
4276,OQM24,2024-04-24,88.95,89.12,88.16,88.46,1416,17857
4277,OQM24,2024-04-25,88.89,89.52,88.35,89.52,975,18627
4278,OQM24,2024-04-26,89.56,89.99,89.51,89.99,290,16887
4279,OQM24,2024-04-29,88.72,89.8,88.18,88.26,290,17312
4280,OQN24,2024-04-30,87.43,87.43,85.84,86.41,2751,154
4281,OQN24,2024-05-01,85.29,85.35,83.65,83.65,4279,846
4282,OQN24,2024-05-02,84.41,84.49,83.5,84.03,4487,1877
4283,OQN24,2024-05-03,84.07,84.43,83.18,83.18,5153,3130
4284,OQN24,2024-05-06,83.91,84.02,83.22,83.66,3380,4510
4285,OQN24,2024-05-07,83.88,84.28,83.06,83.66,5109,5368
4286,OQN24,2024-05-08,83.22,84.26,82.47,84.26,3523,7024
4287,OQN24,2024-05-09,84.85,84.86,84.11,84.38,3846,8146
4288,OQN24,2024-05-10,84.97,85.26,83.53,83.53,3381,9403
4289,OQN24,2024-05-13,83.62,84.65,83.28,84.25,4327,10489
4290,OQN24,2024-05-14,84.04,84.31,83.01,83.15,4595,11857
4291,OQN24,2024-05-15,83.45,83.71,82.78,83.45,2414,13102
4292,OQN24,2024-05-16,83.76,84.44,83.15,83.98,4812,14009
4293,OQN24,2024-05-17,84.6,84.97,84.18,84.96,4436,15247
4294,OQN24,2024-05-20,85.21,85.41,84.35,84.86,2967,15894
4295,OQN24,2024-05-21,84.4,84.61,83.49,84.18,4246,16515
4296,OQN24,2024-05-22,83.16,83.79,82.97,83.19,3806,17469
4297,OQN24,2024-05-23,83.24,84.16,82.35,82.68,4733,18439
4298,OQN24,2024-05-24,82.43,83.4,82.06,83.31,5746,17840
4299,OQN24,2024-05-28,83.22,85.31,83.14,85.13,1074,19271
4300,OQN24,2024-05-29,85.1,85.37,84.06,84.06,326,20002
4301,OQN24,2024-05-30,83.21,83.77,82.45,82.55,326,17982
4302,OQQ24,2024-05-31,82.07,82.77,81.1,81.39,5181,181
4303,OQQ24,2024-06-03,81.26,82.02,79.0,79.07,4927,1713
4304,OQQ24,2024-06-04,77.89,78.23,77.48,78.14,6408,3055
4305,OQQ24,2024-06-05,78.08,78.84,77.78,78.84,8018,4858
4306,OQQ24,2024-06-06,79.28,80.28,78.81,80.17,5698,6954
4307,OQQ24,2024-06-07,80.1,80.67,79.99,80.09,4368,7951
4308,OQQ24,2024-06-10,80.28,81.99,79.97,81.99,5829,9072
4309,OQQ24,2024-06-11,81.9,82.2,81.56,82.2,4867,10584
4310,OQQ24,2024-06-12,82.73,83.28,82.12,82.73,3382,12015
4311,OQQ24,2024-06-13,82.42,82.53,81.55,82.4,3194,13442
4312,OQQ24,2024-06-14,82.09,83.11,81.91,82.38,3483,14530
4313,OQQ24,2024-06-17,82.17,83.83,81.91,83.71,7501,15536
4314,OQQ24,2024-06-18,83.5,84.85,83.23,84.85,13517,17375
4315,OQQ24,2024-06-20,84.78,85.31,83.95,85.11,3658,19605
4316,OQQ24,2024-06-21,85.16,85.47,84.25,84.63,3962,21617
4317,OQQ24,2024-06-24,84.82,85.31,84.46,84.96,2183,22226
4318,OQQ24,2024-06-25,85.19,85.27,84.22,84.22,1252,21600
4319,OQQ24,2024-06-26,85.04,85.04,84.5,84.98,271,22083
4320,OQQ24,2024-06-27,84.2,85.53,83.82,85.15,271,22423
4321,OQU24,2024-06-28,86.03,86.03,85.02,85.02,4274,151
4322,OQU24,2024-07-01,85.69,86.5,85.28,86.5,4900,1120
4323,OQU24,2024-07-02,86.58,87.28,86.12,86.12,3666,2404
4324,OQU24,2024-07-03,86.45,87.48,86.26,87.48,6602,3073
4325,OQU24,2024-07-05,86.93,87.93,86.55,86.55,4372,5039
4326,OQU24,2024-07-08,86.08,86.17,85.81,85.91,2282,5953
4327,OQU24,2024-07-09,85.48,85.6,84.85,84.85,3912,7225
4328,OQU24,2024-07-10,84.47,85.01,84.27,85.01,4058,8363
4329,OQU24,2024-07-11,85.52,85.66,84.6,85.18,3862,9376
4330,OQU24,2024-07-12,85.37,85.79,84.57,84.57,5555,10606
4331,OQU24,2024-07-15,84.63,84.77,84.1,84.53,4453,12520
4332,OQU24,2024-07-16,83.78,83.83,83.13,83.44,4224,13496
4333,OQU24,2024-07-17,83.67,84.62,83.29,84.62,5232,14166
4334,OQU24,2024-07-18,85.32,85.32,83.83,84.51,4127,15160
4335,OQU24,2024-07-19,84.37,84.56,81.88,81.88,4787,15748
4336,OQU24,2024-07-22,82.33,82.39,81.21,81.9,5689,15967
4337,OQU24,2024-07-23,81.89,82.02,79.97,80.26,4492,16986
4338,OQU24,2024-07-24,80.68,81.15,80.28,80.97,3092,18059
4339,OQU24,2024-07-25,80.69,81.93,79.85,81.93,1152,18711
4340,OQU24,2024-07-26,81.77,82.15,80.17,80.57,1472,19277
4341,OQU24,2024-07-29,80.62,80.74,79.08,79.08,353,17160
4342,OQV24,2024-07-30,78.19,78.22,77.31,77.31,337,451
4343,OQV24,2024-07-31,78.67,80.64,78.65,80.01,3588,329
4344,OQV24,2024-08-01,80.67,80.84,78.79,78.79,5590,1221
4345,OQV24,2024-08-02,79.31,79.56,75.52,75.91,3771,1969
4346,OQV24,2024-08-05,75.36,75.97,73.51,74.85,3997,3096
4347,OQV24,2024-08-06,75.62,75.96,74.25,75.03,5128,4033
4348,OQV24,2024-08-07,75.38,77.36,74.93,76.95,4480,4750
4349,OQV24,2024-08-08,77.06,77.97,76.4,77.91,3298,5665
4350,OQV24,2024-08-09,77.57,78.21,77.38,78.21,4803,6549
4351,OQV24,2024-08-12,78.82,80.63,78.55,80.63,4383,7452
4352,OQV24,2024-08-13,80.17,80.2,78.85,78.87,4103,8389
4353,OQV24,2024-08-14,79.29,79.6,78.25,78.25,3243,8771
4354,OQV24,2024-08-15,78.51,79.87,78.48,79.69,3640,9321
4355,OQV24,2024-08-16,79.1,79.11,77.35,78.31,5073,9796
4356,OQV24,2024-08-19,77.91,78.29,76.39,76.39,3372,10853
4357,OQV24,2024-08-20,76.37,77.32,75.67,76.25,3328,11505
4358,OQV24,2024-08-21,76.19,76.99,74.9,75.12,3824,11087
4359,OQV24,2024-08-22,75.12,76.55,75.01,76.34,4331,11911
4360,OQV24,2024-08-23,76.47,77.96,76.3,77.96,2205,12983
4361,OQV24,2024-08-26,78.57,80.1,78.55,80.1,1704,13965
4362,OQV24,2024-08-27,79.76,79.76,77.58,77.68,951,15099
4363,OQV24,2024-08-28,77.0,77.34,76.95,77.34,339,14546
4364,OQV24,2024-08-29,76.45,77.23,75.92,77.23,339,14027
4365,OQX24,2024-08-30,78.58,78.72,76.08,76.37,5628,76
4366,OQX24,2024-09-03,75.76,77.25,73.45,73.5,2610,2516
4367,OQX24,2024-09-04,73.06,74.78,72.6,73.0,3463,3732
4368,OQX24,2024-09-05,72.99,74.14,72.75,72.92,2697,5007
4369,OQX24,2024-09-06,73.38,73.8,71.55,71.55,2679,6080
4370,OQX24,2024-09-09,72.35,72.46,71.15,72.16,1839,7092
4371,OQX24,2024-09-10,72.01,72.18,69.41,69.69,3387,8236
4372,OQX24,2024-09-11,70.84,71.47,70.77,71.18,2680,9218
4373,OQX24,2024-09-12,72.09,72.35,71.48,72.27,4325,10311
4374,OQX24,2024-09-13,72.69,73.53,71.94,71.94,3261,11262
4375,OQX24,2024-09-16,72.4,73.77,72.33,73.32,2993,12352
4376,OQX24,2024-09-17,73.2,74.35,72.87,74.35,3316,13167
4377,OQX24,2024-09-18,73.9,74.34,72.92,74.09,3605,13834
4378,OQX24,2024-09-19,74.85,75.42,74.06,75.17,3703,14961
4379,OQX24,2024-09-20,74.93,74.93,74.01,74.47,2830,15550
4380,OQX24,2024-09-23,74.62,74.96,73.45,73.78,2630,16080
4381,OQX24,2024-09-24,74.71,75.82,74.71,75.36,1509,15133
4382,OQX24,2024-09-25,75.2,75.28,73.72,73.72,1307,15477
4383,OQX24,2024-09-26,71.9,72.62,71.67,71.94,354,15825
4384,OQX24,2024-09-27,72.31,73.08,71.0,71.0,354,16278
4385,OQZ24,2024-09-30,72.0,72.09,71.4,71.4,4037,123
4386,OQZ24,2024-10-01,70.86,74.73,70.14,73.68,4190,1472
4387,OQZ24,2024-10-02,74.8,75.96,73.84,73.84,3134,2467
4388,OQZ24,2024-10-03,74.66,77.45,74.08,77.45,2981,3641
4389,OQZ24,2024-10-04,77.49,78.44,77.24,77.54,3193,5064
4390,OQZ24,2024-10-07,77.01,80.14,76.93,80.14,3836,6303
4391,OQZ24,2024-10-08,79.03,79.33,76.42,77.12,3388,7723
4392,OQZ24,2024-10-09,77.5,77.84,75.43,76.54,4621,9383
4393,OQZ24,2024-10-10,77.15,79.13,76.82,79.13,4172,10730
4394,OQZ24,2024-10-11,78.5,78.96,77.79,78.59,4067,12719
4395,OQZ24,2024-10-14,77.7,77.88,76.68,77.13,4456,14408
4396,OQZ24,2024-10-15,74.96,74.98,73.51,74.24,4507,16104
4397,OQZ24,2024-10-16,74.28,74.77,73.38,74.07,4521,17934
4398,OQZ24,2024-10-17,73.89,74.56,73.74,74.17,4848,18477
4399,OQZ24,2024-10-18,74.15,74.49,72.26,72.69,3346,20278
4400,OQZ24,2024-10-21,73.52,74.17,73.43,74.0,4418,20634
4401,OQZ24,2024-10-22,73.54,75.64,73.36,75.64,3346,21941
4402,OQZ24,2024-10-23,75.04,75.1,74.02,74.36,2609,22691
4403,OQZ24,2024-10-24,75.18,75.75,73.65,73.83,2473,23560
4404,OQZ24,2024-10-25,73.75,75.76,73.75,75.76,1884,23892
4405,OQZ24,2024-10-28,71.99,72.84,71.34,71.34,1180,20749
4406,OQZ24,2024-10-29,71.35,71.74,70.36,70.6,407,20326
4407,OQZ24,2024-10-30,71.3,72.2,71.09,72.2,8,20170
4408,OQF25,2024-10-31,71.1,72.87,70.6,71.69,2133,114
4409,OQF25,2024-11-01,73.52,73.65,71.84,71.84,2927,1097
4410,OQF25,2024-11-04,73.46,74.19,73.36,73.94,3602,2427
4411,OQF25,2024-11-05,74.06,74.52,74.01,74.42,2690,3342
4412,OQF25,2024-11-06,73.26,74.14,72.46,73.88,2897,4210
4413,OQF25,2024-11-07,73.97,74.73,73.31,74.73,3993,5051
4414,OQF25,2024-11-08,73.83,73.88,72.85,72.85,3636,5929
4415,OQF25,2024-11-11,73.01,73.09,70.81,70.93,2593,6792
4416,OQF25,2024-11-12,71.2,71.9,70.81,71.05,3767,7589
4417,OQF25,2024-11-13,71.31,71.88,70.48,71.51,3066,8596
4418,OQF25,2024-11-14,71.18,72.24,71.01,71.74,2981,9568
4419,OQF25,2024-11-15,70.99,71.59,70.12,70.24,3499,10676
4420,OQF25,2024-11-18,70.47,72.49,70.08,72.49,4152,11052
4421,OQF25,2024-11-19,72.6,72.96,71.83,72.54,5090,12159
4422,OQF25,2024-11-20,72.46,73.05,71.95,72.0,4496,13898
4423,OQF25,2024-11-21,72.3,73.61,72.15,73.5,3670,15016
4424,OQF25,2024-11-22,73.73,74.54,72.92,74.46,3450,16197
4425,OQF25,2024-11-25,73.72,73.93,72.23,72.23,1217,17084
4426,OQF25,2024-11-26,72.22,72.57,71.48,71.99,770,15658
4427,OQF25,2024-11-27,72.53,72.54,71.98,72.07,248,15958
4428,OQG25,2024-11-29,71.77,72.54,71.39,71.39,1829,170
4429,OQG25,2024-12-02,71.94,72.29,71.32,71.32,3010,1087
4430,OQG25,2024-12-03,71.96,73.15,71.86,73.15,3864,1855
4431,OQG25,2024-12-04,73.14,73.71,71.83,71.83,4189,3308
4432,OQG25,2024-12-05,71.96,72.4,71.5,71.66,2860,4161
4433,OQG25,2024-12-06,71.73,71.77,70.59,70.78,3866,4896
4434,OQG25,2024-12-09,71.85,72.2,71.72,71.85,3843,5974
4435,OQG25,2024-12-10,71.85,72.36,71.29,71.89,3258,7246
4436,OQG25,2024-12-11,72.23,73.35,72.14,73.22,3875,8365
4437,OQG25,2024-12-12,73.22,73.73,72.38,73.19,3547,9500
4438,OQG25,2024-12-13,73.4,74.38,73.34,74.38,4124,10571
4439,OQG25,2024-12-16,74.22,74.24,73.67,73.85,3674,11749
4440,OQG25,2024-12-17,74.07,74.07,72.62,73.19,3549,13249
4441,OQG25,2024-12-18,73.37,74.2,72.9,73.42,3817,14187
4442,OQG25,2024-12-19,72.99,73.71,72.75,72.89,3007,15308
4443,OQG25,2024-12-20,72.66,73.33,72.17,73.03,2540,16620
4444,OQG25,2024-12-23,73.27,73.3,72.5,72.81,1237,15083
4445,OQG25,2024-12-24,73.86,73.86,73.19,73.81,1033,15733
4446,OQG25,2024-12-26,74.21,74.86,74.21,74.4,738,15720
4447,OQG25,2024-12-27,74.59,75.28,74.29,75.28,503,16417
4448,OQG25,2024-12-30,75.5,76.69,74.38,74.38,503,15564
4449,OQH25,2024-12-31,74.52,74.73,74.4,74.73,2213,35
4450,OQH25,2025-01-02,75.07,76.82,75.06,76.25,2631,895
4451,OQH25,2025-01-03,76.48,77.08,76.08,76.94,2958,1732
4452,OQH25,2025-01-06,76.62,77.77,76.27,76.64,2125,2887
4453,OQH25,2025-01-07,76.4,77.33,76.2,77.3,3435,3955
4454,OQH25,2025-01-08,77.52,77.9,76.24,76.29,2787,5028
4455,OQH25,2025-01-09,76.34,77.34,76.21,77.15,3260,6193
4456,OQH25,2025-01-10,77.22,80.91,77.2,80.01,3721,7170
4457,OQH25,2025-01-13,81.86,82.79,81.62,82.06,3144,8183
4458,OQH25,2025-01-14,81.83,82.67,81.53,81.55,3183,9090
4459,OQH25,2025-01-15,81.74,84.46,81.48,83.95,3129,10207
4460,OQH25,2025-01-16,84.07,85.1,83.29,83.83,3972,11611
4461,OQH25,2025-01-17,84.36,84.73,83.63,83.69,7344,13094
4462,OQH25,2025-01-21,83.53,83.87,81.96,82.55,3672,15671
4463,OQH25,2025-01-22,82.46,82.95,82.12,82.2,4390,17268
4464,OQH25,2025-01-23,81.91,82.68,81.26,81.58,2928,19009
4465,OQH25,2025-01-24,81.7,82.25,81.38,82.03,2960,18097
4466,OQH25,2025-01-27,81.28,81.84,79.86,80.23,2302,17327
4467,OQH25,2025-01-28,80.87,81.1,80.02,80.58,1010,17602
4468,OQH25,2025-01-29,80.24,80.65,78.87,80.65,177,17802
4469,OQH25,2025-01-30,78.9,79.53,78.0,79.52,177,18121
4470,OQJ25,2025-01-31,78.32,78.38,77.62,77.89,2691,120
4471,OQJ25,2025-02-03,78.97,79.14,77.46,78.02,3088,1305
4472,OQJ25,2025-02-04,77.26,78.8,76.59,78.45,2102,3272
4473,OQJ25,2025-02-05,78.26,78.46,76.99,76.99,4401,4327
4474,OQJ25,2025-02-06,77.2,77.91,76.97,76.98,1834,5752
4475,OQJ25,2025-02-07,77.77,78.01,77.27,77.58,3699,6541
4476,OQJ25,2025-02-10,78.0,78.62,77.84,78.62,3369,7804
4477,OQJ25,2025-02-11,79.16,79.69,79.14,79.6,3997,8982
4478,OQJ25,2025-02-12,78.94,79.04,77.75,77.75,4002,10207
4479,OQJ25,2025-02-13,76.99,77.46,76.42,77.37,3474,11707
4480,OQJ25,2025-02-14,77.71,78.02,77.07,77.07,7249,13038
4481,OQJ25,2025-02-18,77.39,78.43,77.08,78.36,3424,15514
4482,OQJ25,2025-02-19,78.87,79.65,78.87,78.92,4333,16700
4483,OQJ25,2025-02-20,79.14,79.49,78.7,79.31,4437,18040
4484,OQJ25,2025-02-21,78.61,78.62,76.91,76.91,2330,19427
4485,OQJ25,2025-02-24,76.78,76.9,75.84,76.9,1531,20896
4486,OQJ25,2025-02-25,76.9,77.26,74.95,74.95,1084,20375
4487,OQJ25,2025-02-26,75.8,76.93,75.21,75.21,419,21072
4488,OQJ25,2025-02-27,74.93,75.62,73.33,73.7,419,21677
4489,OQK25,2025-02-28,73.75,74.01,73.7,73.7,1530,128
4490,OQK25,2025-03-03,73.56,73.98,72.11,72.25,1808,829
4491,OQK25,2025-03-04,71.5,71.5,69.74,70.86,2469,2129
4492,OQK25,2025-03-05,70.67,71.5,68.99,69.89,3437,3248
4493,OQK25,2025-03-06,70.59,70.59,69.71,70.25,4368,4664
4494,OQK25,2025-03-07,70.4,72.17,70.4,71.17,3966,5712
4495,OQK25,2025-03-10,71.31,71.76,70.47,70.47,4185,7036
4496,OQK25,2025-03-11,70.45,71.11,70.44,70.55,3952,8390
4497,OQK25,2025-03-12,70.66,71.79,70.38,71.71,3487,9399
4498,OQK25,2025-03-13,72.05,72.19,70.82,70.82,3388,10052
4499,OQK25,2025-03-14,71.54,71.71,71.11,71.61,3069,9350
4500,OQK25,2025-03-17,72.16,72.65,71.95,72.3,2926,9928
4501,OQK25,2025-03-18,72.97,73.37,71.87,71.87,1892,10418
4502,OQK25,2025-03-19,71.83,72.74,71.65,72.41,2452,9828
4503,OQK25,2025-03-20,72.93,73.98,72.13,73.7,3583,10914
4504,OQK25,2025-03-21,73.92,74.05,73.25,73.85,4499,11810
4505,OQK25,2025-03-24,73.87,74.34,73.29,74.29,3895,13209
4506,OQK25,2025-03-25,74.58,74.91,74.24,74.37,1496,14663
4507,OQK25,2025-03-26,74.55,75.16,74.38,75.08,741,15536
4508,OQK25,2025-03-27,74.58,75.15,74.58,75.15,322,12930
4509,OQK25,2025-03-28,74.23,75.2,73.97,75.01,322,13425
4510,OQM25,2025-03-31,74.1,76.16,74.05,76.02,3191,131
4511,OQM25,2025-04-01,75.88,76.91,75.83,76.13,0,0
4512,OQM25,2025-04-02,75.93,77.12,75.65,76.72,3799,2479
4513,OQM25,2025-04-03,75.15,75.15,72.31,72.45,3644,3599
4514,OQM25,2025-04-04,71.84,71.84,66.59,67.88,2477,4535
4515,OQM25,2025-04-07,65.6,68.43,64.0,65.42,1687,5652
4516,OQM25,2025-04-08,64.91,66.35,63.86,63.86,2975,6712
4517,OQM25,2025-04-09,61.8,66.73,59.89,66.73,1915,7636
4518,OQM25,2025-04-10,65.23,65.37,63.76,64.87,2049,8651
4519,OQM25,2025-04-11,65.07,66.15,64.44,66.11,2196,9639
4520,OQM25,2025-04-14,66.21,67.11,65.54,66.21,4240,10526
4521,OQM25,2025-04-15,66.47,66.73,65.88,66.2,1660,11315
4522,OQM25,2025-04-16,66.08,67.47,65.49,67.47,2511,12073
4523,OQM25,2025-04-17,68.0,69.63,67.98,69.63,2879,12696
4524,OQM25,2025-04-21,68.42,68.65,67.47,67.89,2541,13411
4525,OQM25,2025-04-22,68.74,68.96,68.55,68.94,3331,13288
4526,OQM25,2025-04-23,69.77,70.04,66.8,67.51,5186,13121
4527,OQM25,2025-04-24,68.13,68.37,68.09,68.11,2625,12863
4528,OQM25,2025-04-25,68.0,68.21,66.77,68.21,2106,13619
4529,OQM25,2025-04-28,67.38,67.5,66.9,67.34,584,12400
4530,OQM25,2025-04-29,65.0,66.06,63.67,64.97,23,12833
4531,OQN25,2025-04-30,62.98,63.25,61.5,61.5,2255,273
4532,OQN25,2025-05-01,60.69,62.32,59.54,62.32,2440,1203
4533,OQN25,2025-05-02,62.22,62.77,60.75,61.3,1931,2335
4534,OQN25,2025-05-05,59.53,60.66,59.27,60.07,2945,3480
4535,OQN25,2025-05-06,61.11,63.12,61.11,62.52,2758,4345
4536,OQN25,2025-05-07,63.63,63.83,61.64,61.81,4373,5218
4537,OQN25,2025-05-08,62.07,63.82,62.02,63.63,2858,6143
4538,OQN25,2025-05-09,64.63,65.04,64.36,64.76,5517,6934
4539,OQN25,2025-05-12,65.39,66.87,65.39,65.69,4364,7997
4540,OQN25,2025-05-13,65.4,67.15,65.36,67.07,6163,8878
4541,OQN25,2025-05-14,66.62,66.66,65.72,66.06,2005,9837
4542,OQN25,2025-05-15,64.43,64.43,63.09,64.13,4075,10952
4543,OQN25,2025-05-16,63.75,64.98,63.75,64.98,4062,11631
4544,OQN25,2025-05-19,64.41,65.35,63.97,64.98,3416,12557
4545,OQN25,2025-05-20,64.98,65.47,64.56,64.92,3462,13321
4546,OQN25,2025-05-21,65.68,66.2,64.46,64.68,3748,13034
4547,OQN25,2025-05-22,63.68,64.72,62.89,63.81,2604,12909
4548,OQN25,2025-05-23,63.21,64.03,62.66,63.98,5583,14320
4549,OQN25,2025-05-27,63.82,63.93,62.92,63.14,659,17185
4550,OQN25,2025-05-28,63.76,63.96,62.65,63.96,500,17679
4551,OQN25,2025-05-29,65.0,65.24,62.64,64.9,500,15778
4552,OQQ25,2025-05-30,62.34,62.93,61.14,61.72,1473,343
4553,OQQ25,2025-06-02,63.47,64.9,63.39,64.01,3723,1049
4554,OQQ25,2025-06-03,64.28,64.95,63.77,64.88,2454,2208
4555,OQQ25,2025-06-04,64.75,64.93,63.57,63.92,2770,3443
4556,OQQ25,2025-06-05,64.15,65.05,63.88,64.58,3965,4650
4557,OQQ25,2025-06-06,64.41,65.84,64.2,65.83,3746,5645
4558,OQQ25,2025-06-09,65.8,66.67,65.57,66.6,5079,6773
4559,OQQ25,2025-06-10,66.75,67.54,66.27,66.52,3366,8219
4560,OQQ25,2025-06-11,66.57,69.41,66.24,69.24,3891,9197
4561,OQQ25,2025-06-12,70.19,70.2,68.15,69.01,2956,10541
4562,OQQ25,2025-06-13,70.52,76.28,70.52,73.51,2255,11646
4563,OQQ25,2025-06-16,75.19,76.26,70.62,72.58,3078,12247
4564,OQQ25,2025-06-17,73.77,76.1,72.29,76.1,2519,12722
4565,OQQ25,2025-06-18,75.8,76.69,74.32,76.37,5423,13582
4566,OQQ25,2025-06-20,76.69,78.22,76.11,77.02,3925,15867
4567,OQQ25,2025-06-23,76.55,77.9,69.53,70.98,4795,16416
4568,OQQ25,2025-06-24,69.71,69.9,66.83,66.86,2468,16586
4569,OQQ25,2025-06-25,67.9,67.96,67.38,67.38,1218,13953
4570,OQQ25,2025-06-26,67.8,67.95,67.57,67.84,521,13836
4571,OQQ25,2025-06-27,67.55,70.51,67.38,70.5,521,14311
4572,OQU25,2025-06-30,67.65,68.1,67.61,67.68,3840,388
4573,OQU25,2025-07-01,68.03,68.7,67.51,68.44,3224,1885
4574,OQU25,2025-07-02,68.6,70.45,68.35,70.45,4068,3203
4575,OQU25,2025-07-03,69.9,70.24,69.66,70.02,9221,4888
4576,OQU25,2025-07-07,69.27,71.48,69.1,71.26,2485,7548
4577,OQU25,2025-07-08,70.8,72.02,70.71,71.74,3307,8254
4578,OQU25,2025-07-09,72.25,72.26,71.22,71.71,3669,8725
4579,OQU25,2025-07-10,71.62,72.12,70.38,70.38,3449,9166
4580,OQU25,2025-07-11,70.57,71.82,70.04,71.65,2540,9464
4581,OQU25,2025-07-14,72.42,72.95,70.76,70.76,3898,10048
4582,OQU25,2025-07-15,70.49,70.95,70.23,70.33,4914,10657
4583,OQU25,2025-07-16,70.11,70.57,69.34,69.99,2822,11382
4584,OQU25,2025-07-17,69.82,71.03,69.8,71.03,3816,12236
4585,OQU25,2025-07-18,71.24,72.27,71.01,71.08,4432,13026
4586,OQU25,2025-07-21,71.05,71.34,70.54,71.13,3586,13766
4587,OQU25,2025-07-22,70.63,71.05,70.37,70.72,3783,14538
4588,OQU25,2025-07-23,70.81,70.97,70.33,70.7,3056,15595
4589,OQU25,2025-07-24,71.19,71.9,71.09,71.48,3056,16546
4590,OQU25,2025-07-25,71.8,71.99,70.75,70.75,7543,15475
4591,OQU25,2025-07-28,71.2,72.48,71.2,72.48,5458,14926
4592,OQU25,2025-07-29,72.81,75.42,72.43,75.42,3765,13313
4593,OQU25,2025-07-30,75.59,76.01,74.36,75.07,573,13640
4594,OQV25,2025-07-31,74.26,74.32,73.11,73.58,476,851
4595,OQV25,2025-08-01,73.76,73.77,71.53,71.53,2817,830
4596,OQV25,2025-08-04,71.24,71.27,70.0,70.58,4590,1755
4597,OQV25,2025-08-05,70.41,70.43,69.18,69.18,4480,2683
4598,OQV25,2025-08-06,70.07,70.75,69.0,69.0,3267,3412
4599,OQV25,2025-08-07,69.5,69.53,68.73,68.73,2092,4308
4600,OQV25,2025-08-08,68.55,68.91,68.42,68.5,4319,5595
4601,OQV25,2025-08-11,67.92,68.46,67.89,68.46,4406,6677
4602,OQV25,2025-08-12,68.75,68.75,67.85,67.85,5113,7953
4603,OQV25,2025-08-13,67.6,67.6,67.26,67.26,5252,9362
4604,OQV25,2025-08-14,67.59,68.7,67.49,68.7,5508,12384
4605,OQV25,2025-08-15,68.74,68.74,67.74,67.74,6570,12384
4606,OQV25,2025-08-18,67.79,68.54,67.58,68.54,5164,13433
4607,OQV25,2025-08-19,68.1,68.23,67.82,67.82,4718,14630
4608,OQV25,2025-08-20,68.43,69.26,68.43,69.26,7630,14367
4609,OQV25,2025-08-21,69.74,69.95,69.63,69.95,5937,15528
4610,OQV25,2025-08-22,69.95,70.04,69.79,69.96,3574,16786
4611,OQV25,2025-08-25,70.14,70.76,69.76,70.76,3867,17265
4612,OQV25,2025-08-26,70.3,70.44,69.25,69.25,7546,14917
4613,OQV25,2025-08-27,69.38,70.39,69.32,70.39,3065,14363
4614,OQV25,2025-08-28,69.02,70.12,68.16,70.12,1346,14905
4615,OQX25,2025-08-29,70.12,70.13,69.92,69.92,377,231
4616,OQX25,2025-09-02,70.47,71.89,70.42,71.85,5614,2443
4617,OQX25,2025-09-03,71.4,71.58,70.07,70.07,3824,3747
4618,OQX25,2025-09-04,69.3,69.55,69.17,69.41,4165,5834
4619,OQX25,2025-09-05,68.97,69.41,67.63,67.93,4029,7440
4620,OQX25,2025-09-08,69.17,69.37,68.55,68.79,5290,9027
4621,OQX25,2025-09-09,69.51,69.87,69.28,69.28,3024,10108
4622,OQX25,2025-09-10,69.98,70.88,69.98,70.88,5203,10667
4623,OQX25,2025-09-11,70.81,70.99,70.01,70.01,4712,11411
4624,OQX25,2025-09-12,69.61,70.55,69.47,70.55,3972,12110
4625,OQX25,2025-09-15,70.94,71.18,70.74,71.18,4112,13025
4626,OQX25,2025-09-16,70.92,71.61,70.26,71.61,4404,14104
4627,OQX25,2025-09-17,71.0,71.2,70.89,70.89,2882,14861
4628,OQX25,2025-09-18,70.65,70.97,70.14,70.14,3406,15311
4629,OQX25,2025-09-19,69.82,69.82,68.96,68.96,4564,16016
4630,OQX25,2025-09-22,69.31,69.32,67.47,68.41,5322,16777
4631,OQX25,2025-09-23,68.1,69.77,68.1,69.77,5623,18086
4632,OQX25,2025-09-24,70.06,71.44,69.77,71.44,5569,18135
4633,OQX25,2025-09-25,70.7,71.31,70.42,71.31,6180,17604
4634,OQX25,2025-09-26,70.15,70.73,69.34,70.62,1361,18174
4635,OQX25,2025-09-29,68.92,69.63,68.76,69.25,908,18498
4636,OQX25,2025-09-30,68.11,68.11,68.11,68.11,798,18148
4637,OQZ25,2025-10-01,67.49,67.58,65.42,65.7,1630,1211
4638,OQZ25,2025-10-02,65.83,65.83,64.04,64.04,3946,3081
4639,OQZ25,2025-10-03,64.37,64.99,64.37,64.74,4220,4416
4640,OQZ25,2025-10-06,65.72,65.89,65.62,65.89,3939,5496
4641,OQZ25,2025-10-07,65.96,66.19,65.68,65.96,5401,6429
4642,OQZ25,2025-10-08,66.38,66.47,66.1,66.47,3711,7683
4643,OQZ25,2025-10-09,66.61,66.81,65.78,65.78,3443,8906
4644,OQZ25,2025-10-10,65.67,65.67,63.12,63.12,4965,9755
4645,OQZ25,2025-10-13,63.68,64.13,63.6,63.69,4965,10754
4646,OQZ25,2025-10-14,63.96,63.97,62.51,63.02,5479,11504
4647,OQZ25,2025-10-15,62.97,63.09,62.38,62.38,3333,12407
4648,OQZ25,2025-10-16,62.91,63.15,61.76,61.76,4291,13939
4649,OQZ25,2025-10-17,61.87,62.3,61.46,62.3,4630,15163
4650,OQZ25,2025-10-20,61.75,62.17,61.75,62.17,4524,16118
4651,OQZ25,2025-10-21,62.05,62.57,61.86,62.57,5682,16595
4652,OQZ25,2025-10-22,63.82,63.87,63.4,63.87,8258,16248
4653,OQZ25,2025-10-23,65.87,69.14,65.57,69.14,1971,16624
4654,OQZ25,2025-10-24,68.45,69.17,67.74,68.24,1890,17213
4655,OQZ25,2025-10-27,67.8,68.14,67.33,67.64,2292,18320
4656,OQZ25,2025-10-28,65.8,65.8,65.15,65.45,4157,17323
4657,OQZ25,2025-10-29,64.48,66.03,63.96,66.03,3138,16396
4658,OQZ25,2025-10-30,64.9,67.3,64.9,67.29,637,16574
4659,OQF26,2025-10-31,65.91,66.62,65.7,66.62,400,204
4660,OQF26,2025-11-03,67.06,67.06,66.07,66.39,717,880
4661,OQF26,2025-11-04,66.13,66.14,65.04,65.6,3970,2314
4662,OQF26,2025-11-05,65.51,65.81,64.82,64.82,3802,3868
4663,OQF26,2025-11-06,64.99,64.99,64.34,64.47,5030,5459
4664,OQF26,2025-11-07,65.12,65.18,64.72,64.72,3889,6746
4665,OQF26,2025-11-10,65.24,65.41,64.94,65.27,3810,8058
4666,OQF26,2025-11-11,64.95,66.31,64.93,66.31,5370,9379
4667,OQF26,2025-11-12,66.25,66.25,63.75,63.75,2935,10537
4668,OQF26,2025-11-13,63.61,64.04,63.49,64.04,3859,11783
4669,OQF26,2025-11-14,65.16,65.42,64.65,65.33,4722,12831
4670,OQF26,2025-11-17,64.67,65.09,64.54,64.87,2631,13927
4671,OQF26,2025-11-18,64.59,65.61,64.45,65.61,4413,14965
4672,OQF26,2025-11-19,65.42,65.42,63.43,63.97,4724,16304
4673,OQF26,2025-11-20,64.33,64.45,63.84,63.84,6596,16643
4674,OQF26,2025-11-21,63.19,63.22,62.58,62.74,4077,17975
4675,OQF26,2025-11-24,62.6,63.74,62.55,63.74,6540,19773
4676,OQF26,2025-11-25,63.31,63.39,62.78,62.78,3924,19706
4677,OQF26,2025-11-26,62.7,63.77,62.28,63.77,1253,20591
4678,OQG26,2025-11-28,63.42,63.81,63.4,63.4,290,290
4679,OQG26,2025-12-01,64.44,64.49,63.93,63.93,1636,915
4680,OQG26,2025-12-02,64.0,64.0,63.12,63.12,2219,2055
4681,OQG26,2025-12-03,63.37,63.87,63.37,63.37,5386,3541
4682,OQG26,2025-12-04,63.58,64.02,63.53,64.02,6021,5063
4683,OQG26,2025-12-05,64.01,64.45,63.87,64.45,3512,6122
4684,OQG26,2025-12-08,64.63,64.63,63.29,63.29,3165,7167
4685,OQG26,2025-12-09,63.06,63.12,62.43,62.43,5427,8328
4686,OQG26,2025-12-10,62.66,62.66,62.22,62.53,3878,9551
4687,OQG26,2025-12-11,62.22,62.22,61.45,61.45,5654,10852
4688,OQG26,2025-12-12,61.8,61.89,61.46,61.46,2997,11864
4689,OQG26,2025-12-15,61.69,61.69,60.69,60.69,7869,13101
4690,OQG26,2025-12-16,60.08,60.08,59.06,59.06,6898,14138
4691,OQG26,2025-12-17,60.01,60.37,59.76,59.9,6757,15043
4692,OQG26,2025-12-18,60.37,60.52,60.02,60.15,4592,14558
4693,OQG26,2025-12-19,60.15,60.88,60.07,60.88,4154,15169
4694,OQG26,2025-12-22,61.5,62.53,61.26,62.53,5182,14646
4695,OQG26,2025-12-23,62.49,62.61,62.14,62.61,3189,15349
4696,OQG26,2025-12-24,62.51,62.67,62.3,62.3,1724,16149
4697,OQG26,2025-12-26,62.3,62.32,61.92,61.92,1552,17011
4698,OQG26,2025-12-29,61.33,61.33,60.92,61.22,1844,17489
4699,OQG26,2025-12-30,61.18,61.57,60.63,61.32,674,17838
4700,OQG26,2025-12-31,60.44,60.44,60.44,60.44,873,17472
4701,OQH26,2026-01-02,60.67,60.67,59.74,60.04,2840,974
4702,OQH26,2026-01-05,59.7,60.38,58.28,60.38,3504,2360
4703,OQH26,2026-01-06,59.94,59.94,59.25,59.25,4182,3239
4704,OQH26,2026-01-07,58.57,58.66,58.36,58.36,5634,4527
4705,OQH26,2026-01-08,58.82,60.48,58.51,60.48,4340,5680
4706,OQH26,2026-01-09,61.43,61.92,61.0,61.92,4327,6469
4707,OQH26,2026-01-12,61.86,62.28,61.43,62.28,6255,7622
4708,OQH26,2026-01-13,62.32,63.49,62.11,63.49,5634,8813
4709,OQH26,2026-01-14,62.84,64.77,62.75,64.77,4231,9747
4710,OQH26,2026-01-15,62.93,63.22,62.44,62.6,3693,10798
4711,OQH26,2026-01-16,62.65,63.63,62.62,63.14,5530,12295
4712,OQH26,2026-01-20,62.83,63.75,62.1,63.75,7998,14868
4713,OQH26,2026-01-21,63.02,63.69,62.25,63.69,6176,16316
4714,OQH26,2026-01-22,63.26,63.42,62.21,62.21,3930,17361
4715,OQH26,2026-01-23,62.46,63.81,62.38,63.81,6617,19040
4716,OQH26,2026-01-26,63.53,63.59,63.07,63.21,5325,18970
4717,OQH26,2026-01-27,62.84,65.29,62.75,65.29,1975,19320
4718,OQH26,2026-01-28,64.47,64.69,64.43,64.66,843,19922
4719,OQH26,2026-01-29,66.07,66.3,66.0,66.29,707,20463
4720,OQJ26,2026-01-30,67.02,67.86,66.83,67.86,400,236
4721,OQJ26,2026-02-02,64.41,65.2,64.41,65.08,3881,994
4722,OQJ26,2026-02-03,64.76,66.26,64.68,66.26,3285,2044
4723,OQJ26,2026-02-04,67.08,68.66,66.44,68.66,4041,3386
4724,OQJ26,2026-02-05,67.46,67.56,66.71,66.71,5843,4697
4725,OQJ26,2026-02-06,67.19,68.15,66.16,67.57,5766,6025
4726,OQJ26,2026-02-09,66.76,68.41,66.62,68.41,5438,7923
4727,OQJ26,2026-02-10,68.24,68.41,67.81,67.81,3666,9435
4728,OQJ26,2026-02-11,68.21,68.77,68.2,68.27,6570,11343
4729,OQJ26,2026-02-12,68.52,68.82,66.58,66.58,5486,12667
4730,OQJ26,2026-02-13,66.91,67.18,66.69,67.08,5256,14116
4731,OQJ26,2026-02-17,67.12,67.83,66.49,66.49,9915,16076
4732,OQJ26,2026-02-18,66.89,69.38,66.68,69.38,4464,17114
4733,OQJ26,2026-02-19,70.22,70.78,69.96,70.78,3670,18004
4734,OQJ26,2026-02-20,70.87,70.89,70.31,70.84,4352,19219
4735,OQJ26,2026-02-23,70.1,70.46,69.81,70.46,8282,19754
4736,OQJ26,2026-02-24,70.93,70.96,69.69,69.69,5986,21930
4737,OQJ26,2026-02-25,70.01,70.1,69.94,69.94,2024,22560
4738,OQJ26,2026-02-26,70.41,71.86,69.0,69.69,1333,22624
4739,OQK26,2026-02-27,70.74,72.07,70.58,72.07,198,68
4740,OQK26,2026-03-02,79.89,80.72,78.39,78.39,1642,1613
4741,OQK26,2026-03-03,82.54,84.68,78.87,82.19,1069,2572
4742,OQK26,2026-03-04,84.62,86.19,83.63,83.63,3609,3945
4743,OQK26,2026-03-05,87.72,95.84,85.88,95.84,1910,5403
4744,OQK26,2026-03-06,95.89,107.26,95.75,107.26,1548,6617
4745,OQK26,2026-03-09,133.51,133.51,117.04,117.04,2190,7859
4746,OQK26,2026-03-10,115.93,117.08,109.16,111.72,1610,8996
4747,OQK26,2026-03-11,119.63,121.36,118.21,121.36,2177,10471
4748,OQK26,2026-03-12,132.29,137.45,132.29,137.45,1341,11448
4749,OQK26,2026-03-13,144.43,145.24,142.03,145.24,1830,12567
4750,OQK26,2026-03-16,145.77,149.02,145.23,147.8,1068,13258
4751,OQK26,2026-03-17,147.95,153.93,147.86,153.87,1578,14567
4752,OQK26,2026-03-18,153.17,153.47,152.77,153.47,1338,15695
4753,OQK26,2026-03-19,164.99,168.6,162.53,162.53,173,0
